CustomerId,ChurnProbability,ActualChurn
15634602,0.32045955169657225,1
15647311,0.24945398041855343,0
15619304,0.9489866644698074,1
15701354,0.05056750004044327,0
15737888,0.09459709890265294,0
15574012,0.1127898305099666,1
15592531,0.06898743530037711,0
15656148,0.9836581381035289,1
15792365,0.08665543464541367,0
15592389,0.03895453773826113,0
15767821,0.032755111790578134,0
15737173,0.020833853860937515,0
15632264,0.021905050923536645,0
15691483,0.033057300425157116,0
15600882,0.026496256289317396,0
15643966,0.2475854648728922,0
15737452,0.9489605643848879,1
15788218,0.02200668299779076,0
15661507,0.5336785292092198,0
15568982,0.017500275714364872,0
15577657,0.020550572914714436,0
15597945,0.028220930565368115,0
15699309,0.3254920808789566,1
15725737,0.05274373713020352,0
15625047,0.21054199278153685,0
15738191,0.014311504211756495,0
15736816,0.15608698854553965,0
15700772,0.0545146447346445,0
15728693,0.423839167957501,0
15656300,0.03845568292050851,0
15589475,0.7189900353434732,1
15706552,0.08537687120774352,0
15750181,0.1446470017344734,0
15659428,0.04399363991384909,0
15732963,0.02300869425364596,0
15794171,0.5901350092876358,1
15788448,0.05691027008286936,0
15729599,0.05512163158023642,0
15717426,0.11257627795412829,0
15585768,0.035558238584042196,0
15619360,0.30142637033043707,0
15738148,0.7143050463827706,1
15687946,0.24903802391812116,0
15755196,0.5332577240976228,1
15684171,0.22229721571186797,0
15754849,0.07552545664218474,0
15602280,0.20617793902007947,1
15771573,0.34377597452023606,1
15766205,0.22796809076602564,0
15771873,0.14191012038228223,0
15616550,0.1244451144620695,0
15768193,0.06552645178401019,0
15683553,0.027207618383213523,0
15702298,0.44538895711323473,1
15569590,0.39999243430532616,1
15760861,0.15125610056327,0
15630053,0.34545124275940986,0
15647091,0.08884162251535169,0
15623944,0.9031271210710817,1
15804771,0.38210762684896277,0
15651280,0.2398529107285742,0
15773469,0.05962716235751698,0
15702014,0.02920359105292857,0
15751208,0.21922598736971816,0
15592461,0.1409851094189416,0
15789484,0.05508368013853335,0
15696061,0.1989617213799413,0
15641582,0.1223208065079388,0
15638424,0.0641451441331618,0
15755648,0.08892943855258058,0
15703793,0.9981400041493941,1
15620344,0.16858783678642825,0
15812518,0.12132347701849483,0
15779052,0.04547008929829348,0
15770811,0.01910354746377141,0
15780961,0.10370716253587153,0
15614049,0.06436751825472137,0
15662085,0.13864335105947911,0
15575185,0.1070447459814341,0
15803136,0.23405963357309417,0
15706021,0.040380991774133464,0
15663706,0.2563646696698785,1
15641732,0.0350858857823225,0
15701164,0.10074246697142351,0
15738751,0.16111643086917923,0
15805254,0.009413714162400643,0
15762418,0.11373216438186444,1
15625759,0.017736777170702503,0
15622897,0.8192698064665633,1
15767954,0.02651170416887938,0
15757535,0.9471373059100473,1
15731511,0.15353826174262444,0
15809248,0.040228427195467126,0
15640635,0.014469958620107151,0
15676966,0.02287571539687051,0
15699461,0.09473509769760712,0
15738721,0.09081931324309694,0
15693683,0.031770311792695384,0
15604348,0.02129859363590055,0
15633059,0.01791181684087027,0
15808582,0.3103328616761793,0
15743192,0.11469856880146742,0
15580146,0.09783627012126779,0
15776605,0.025267310159897298,0
15804919,0.26849745047579526,1
15613854,0.1817929017674431,1
15599195,0.0730843098362669,0
15812878,0.20904836198776117,0
15602312,0.1017083532174713,0
15744689,0.21827522988150772,1
15803526,0.09852414528300905,0
15665790,0.17478425416772814,0
15715951,0.1776559586861282,0
15591100,0.06525186099173637,0
15609618,0.03633427016245045,1
15675522,0.07620395439905484,0
15705512,0.21618676912423848,0
15698028,0.06370389832663138,0
15661670,0.47503460493486105,1
15600781,0.047587466920279535,0
15682472,0.027707611300015398,0
15580203,0.12274377508770414,0
15690673,0.05421017844317363,0
15760085,0.54693147206137,0
15779659,0.26347244648750034,0
15627360,0.21766373048450677,1
15671137,0.6500175006409855,1
15782688,0.9430066412189808,1
15575492,0.05126976157381824,0
15591607,0.08484027582279971,0
15740404,0.019403037538094994,0
15718369,0.1527855059887751,0
15677871,0.054706053932161464,0
15642004,0.010386186502205338,0
15712543,0.11312894655990571,0
15584518,0.32305396340361275,0
15802381,0.11517762966728881,0
15610156,0.12276099805819063,0
15594408,0.831594226000887,1
15640905,0.08372521511951465,1
15698932,0.561873360691983,0
15724944,0.017155112819625343,0
15628145,0.15043841318527837,0
15713483,0.802924089671636,1
15612350,0.2002494531228681,1
15800703,0.06306604657728754,0
15705707,0.07475807131775197,0
15754105,0.12148259406427508,0
15703264,0.2951415848296701,0
15794413,0.04738099778922946,0
15650237,0.024078334470445734,0
15759618,0.8361379439132478,1
15811589,0.035794140432439676,0
15689044,0.11591700547874549,0
15709368,0.05213869911559036,0
15679145,0.9016019582019582,1
15655007,0.023824583392370546,0
15623595,0.026905459787534905,0
15589975,0.0337111121004026,0
15804017,0.2545630381714126,0
15692132,0.06053048945233811,0
15641122,0.015480517704283726,0
15630910,0.550933597559304,0
15680772,0.02684605628784264,0
15658929,0.09084683630561505,1
15585388,0.051525105320435506,0
15724623,0.3131416456529052,1
15588537,0.3261481644427303,0
15574692,0.03797709596801095,1
15611325,0.03740733509419534,0
15587562,0.12379577597388707,0
15613172,0.05851791955461735,0
15651022,0.6906546172859382,1
15586310,0.08358412594142461,0
15625524,0.02770525318912512,0
15755209,0.10202805394509605,0
15645248,0.028991595451278062,0
15790355,0.05064826453540603,0
15762615,0.1476654977125673,0
15625426,0.9238839160326899,1
15716334,0.1958847645416928,0
15789669,0.030025356445585447,0
15621075,0.30788245716836926,0
15810845,0.02293709382660862,0
15719377,0.5529121657681998,1
15654506,0.019752764472773535,0
15771977,0.2137381486491443,0
15708710,0.2525724534590555,0
15726676,0.023166669372525133,0
15587421,0.11265557970132832,0
15726931,0.09561378178842778,1
15771086,0.08348043596179443,0
15756850,0.03557899907734763,0
15702741,0.08066872602545284,0
15679200,0.028382588458767392,0
15594815,0.06623435146157103,0
15635905,0.022043415674847355,0
15777892,0.20401594869116707,0
15656176,0.0554265423869302,0
15811127,0.0713830210737779,0
15604482,0.05654892464435864,0
15622911,0.1369388886797186,0
15600974,0.4645206830414985,1
15727868,0.05951639789206522,1
15627801,0.22440356612973167,0
15773039,0.17441588597735908,0
15755262,0.3455801270549194,1
15679531,0.053354833694400736,0
15684181,0.5371014974403858,1
15612087,0.16514270663261443,0
15752047,0.054748815782016576,0
15624592,0.016126310781871517,0
15573152,0.042678833051630165,0
15594917,0.06477888713740004,0
15785542,0.10116253150854194,0
15723488,0.5548767168047911,1
15680920,0.4736479224572137,0
15786308,0.03697524806996012,0
15659366,0.08157698123676384,1
15774854,0.42606396302508276,1
15725311,0.032895756715688076,0
15787155,0.1274584098555641,0
15727829,0.022360883394118153,0
15733247,0.16213349464686744,1
15568748,0.3902239381357638,1
15699029,0.04999221484154763,0
15774393,0.01901941862441101,0
15676895,0.8783377918075939,1
15637753,0.7922586253528257,1
15605461,0.2648790138305894,0
15808473,0.008440042294330697,0
15627000,0.03815439946123203,0
15787174,0.04422732128177172,0
15723886,0.07042518348165644,0
15704769,0.06943320088836202,0
15772896,0.4868238744040089,1
15711540,0.11767574471212464,0
15764866,0.9583988860012157,1
15794056,0.8179980100383955,1
15795149,0.01691039392021407,0
15812009,0.024329493961459038,0
15651001,0.47364540468391997,0
15813844,0.03028000459461356,0
15596175,0.23189027447755797,1
15576269,0.02181412712752745,0
15797219,0.34027398987531493,1
15685500,0.09578236209690352,0
15599792,0.01668391126026941,0
15657566,0.11595738675922929,0
15772423,0.9448083625623912,1
15628112,0.19567695399656282,0
15753754,0.021530754829427533,0
15793726,0.019955299988953828,0
15694717,0.10770298843916788,0
15665834,0.16830611213681665,0
15765297,0.07732827510703556,0
15636684,0.022719620605792065,0
15592979,0.031787339468345964,0
15750803,0.06394086772420955,0
15607178,0.10640817547651316,0
15713853,0.11831340794330526,0
15673481,0.5273996001277023,0
15686776,0.12979568821565185,0
15673693,0.06392294096388638,0
15700696,0.06593092911025286,0
15813163,0.16632929400131072,0
15653857,0.015298556771748432,0
15777076,0.023534377953939613,0
15717398,0.30960944129841833,1
15799217,0.25345986930033004,0
15787071,0.048073726511050886,0
15619955,0.895944383859004,1
15796505,0.02792270027181351,0
15725166,0.017410586461595302,0
15800116,0.12564848579511032,0
15758685,0.027130406042721274,0
15694456,0.3457134600777838,1
15767339,0.4380514651013946,0
15683562,0.07727268531711926,0
15782210,0.563986782942851,1
15668893,0.02085128465736167,0
15669169,0.012230725740080406,0
15643024,0.15873013561351745,1
15699389,0.19303833716484453,0
15708608,0.04009360252021964,0
15626144,0.0657043487863933,0
15573112,0.08228927429463448,0
15790678,0.08947047095499197,0
15727556,0.09997264281234233,0
15697307,0.013946205384532936,0
15652266,0.19673579417393255,0
15607098,0.08580946845729802,0
15655774,0.014175991501558592,0
15590241,0.15716125213450427,1
15785819,0.0166077539847622,0
15723654,0.08710217814347451,0
15774510,0.05856427667371754,0
15684173,0.9299911252819189,1
15650068,0.16710727211148432,0
15811490,0.014421103432508929,0
15803976,0.026563708308898027,0
15682541,0.14838703565046024,0
15695699,0.014636513147965895,0
15624188,0.0239690783887241,0
15812191,0.0855088043508571,0
15636673,0.048628019925269744,0
15594898,0.24820737627992476,1
15660211,0.07013750027892228,0
15773972,0.5162831412197464,1
15746726,0.09458912466886751,0
15712287,0.01704001948407053,0
15702919,0.12819944192827967,0
15674398,0.022176836805559944,0
15797960,0.9359583135746345,0
15631868,0.06181229125859283,0
15581539,0.025072048479431244,0
15662736,0.5145903624768031,1
15666252,0.02242734116310656,0
15677512,0.26074872263888266,0
15626114,0.06000089080971657,0
15810834,0.32416063904443443,0
15678910,0.07004423406690671,0
15694408,0.2042758790891619,1
15585215,0.027865162879445914,0
15682757,0.01853250569954468,0
15736601,0.09015778079965447,0
15601848,0.022475206929003375,0
15736008,0.5715278242976707,1
15669064,0.1584957418496046,0
15624528,0.05491330879668378,0
15598493,0.07415371146771527,0
15601274,0.27516454959046266,0
15702669,0.17174409181600764,0
15728669,0.3144463664978516,1
15742668,0.16510937283042873,0
15697441,0.19755262800269427,1
15740476,0.062427112366921486,0
15648064,0.017656818523257074,0
15636624,0.3185409083922569,1
15807923,0.5995304656317149,1
15745844,0.12252426576121968,1
15786170,0.0848146800919606,0
15681081,0.10299044633332802,0
15684484,0.020043707935907096,0
15785869,0.020070940113692353,0
15763859,0.07517575287829052,0
15658935,0.10373473921530744,0
15747358,0.270402605397525,0
15735203,0.13226515372563394,0
15576256,0.01859112865335081,0
15659420,0.03152662300233062,0
15593365,0.09505831450559116,0
15777352,0.1304269431562394,0
15812007,0.011597691517987533,0
15625461,0.31215929507242873,0
15739438,0.01742740758312605,0
15611759,0.11335629052222647,0
15661629,0.10454863781663654,1
15633950,0.0910036591869711,0
15592386,0.07924787066598428,0
15803716,0.020676706164491517,0
15696674,0.4713375811886117,1
15706365,0.32858657104948413,0
15745088,0.05450514044471061,0
15676715,0.01583616271967891,0
15613085,0.202362007299259,0
15633537,0.06832511979250344,0
15594720,0.0886670086750647,0
15684042,0.02788162361555369,0
15583303,0.10218366312125154,0
15611579,0.08828368948037332,0
15774696,0.055332639566021406,0
15694506,0.07355755686910886,0
15688074,0.08312142601124205,0
15759537,0.01841808806463769,0
15758449,0.23281505923861898,0
15583456,0.9585714488806262,1
15667871,0.09821098903045733,0
15677371,0.2208226504851195,0
15629677,0.7716465659800588,1
15713578,0.12364669858361826,0
15591509,0.03872445097208568,0
15568240,0.029526912820313455,0
15622993,0.07509769598312512,0
15689294,0.56940836361105,0
15720910,0.19733553867093387,0
15721181,0.1087993063643374,0
15776433,0.06280727730550224,0
15748936,0.09713095848125093,0
15717225,0.04352826295351633,0
15685226,0.11832093760243945,0
15785611,0.12313152564370808,0
15573456,0.17641232453745573,1
15684548,0.19483894507211383,1
15620505,0.07668681361575051,0
15807432,0.13414758593446013,0
15584766,0.09227021917060335,0
15612187,0.16827808773243405,0
15762218,0.04142749424653893,0
15646372,0.828044354434027,1
15690452,0.738067942771166,0
15747795,0.3188159545603503,0
15781589,0.10441473124929027,0
15732674,0.03643579692906636,0
15642291,0.01226274318634801,0
15692761,0.17844026397897475,0
15578045,0.6705574597544919,1
15745354,0.042959082485934545,0
15701376,0.047673212040218876,0
15691625,0.45114943641704935,0
15566594,0.019808876917513304,0
15760431,0.0139076938657432,0
15686302,0.09554509835570817,0
15801559,0.9215474520627754,1
15810432,0.018621710000028085,0
15809616,0.02717009008941072,0
15720559,0.9580075851727622,1
15695632,0.13000501338093928,0
15659843,0.13117726232731292,0
15615624,0.03127480366884342,0
15810418,0.9703537708896026,1
15716186,0.032162887720142815,0
15674551,0.5502064330811761,1
15622834,0.26540988362866647,0
15566111,0.24147880319418819,0
15784597,0.08515698209943053,0
15652883,0.16611321340661847,0
15806964,0.20473675656551993,0
15576313,0.2673281015464901,0
15806467,0.4258498656428833,1
15597602,0.5460188652563004,1
15743040,0.06912414640202198,0
15705521,0.2762960833045079,0
15595039,0.4333130447911873,1
15799384,0.15066234642348172,0
15581197,0.3379558764053976,0
15693737,0.049965822848465645,0
15624623,0.04243452935977904,0
15783501,0.049263256443299805,0
15690134,0.30819516689727616,0
15782735,0.24263520585260587,0
15611088,0.024803599046383688,0
15672145,0.040474868165802674,0
15732628,0.18436970626937926,0
15787470,0.5127416634013341,1
15803406,0.06376386022135974,0
15730460,0.19781389720191567,0
15644572,0.10057906359721804,0
15694860,0.25071880619990283,1
15658169,0.37019409442700213,0
15794396,0.1788595183336192,0
15785798,0.019772687496142898,0
15710825,0.0989039093541974,0
15668444,0.3801414553606807,0
15726631,0.13736691828153405,0
15733797,0.022590459303100482,0
15747960,0.10683561497169891,0
15634632,0.023954146808235325,0
15707362,0.6115861086273296,1
15662976,0.16172597279531187,0
15732778,0.05060300638160699,0
15718443,0.027352158701248335,0
15670039,0.05033453083083871,0
15773792,0.06802734993662528,1
15613786,0.010784067723077807,0
15726032,0.08817883603966646,0
15663252,0.012470193093912741,0
15593782,0.9499958528715695,1
15633283,0.022042357971887694,0
15749167,0.0197380903307954,0
15759298,0.05075780022504003,0
15683625,0.11450141460779108,1
15635367,0.06667433189259747,0
15681705,0.01786092619303274,0
15603156,0.022243367409270676,0
15591986,0.7121275271458073,1
15798888,0.13002724258791432,0
15809722,0.11125927698680095,0
15677538,0.1384497581783895,0
15797736,0.059242351549782746,0
15695585,0.07025417105272128,0
15744398,0.036340535950241865,0
15750658,0.41762791506885316,0
15578186,0.1211033365094525,0
15676519,0.5559663748949982,1
15637954,0.1142431086468142,0
15758639,0.02016079597959991,0
15613772,0.11333664585972948,1
15731744,0.012699221122906508,0
15807709,0.38920365290161524,0
15714689,0.04919787552368571,0
15699005,0.14336495058526647,0
15624170,0.057266670521951335,0
15725679,0.8666057997550468,1
15585865,0.100963510251514,1
15804256,0.05536493907726942,0
15662403,0.04553419584513578,0
15733616,0.09386919866951382,0
15591995,0.06314017499540459,0
15677020,0.4621896834562018,1
15727688,0.015538359874243502,0
15715941,0.0588603006433043,0
15714485,0.8288923816109524,1
15730059,0.07678975926112479,0
15715527,0.5015037130288746,0
15576623,0.015888122307599378,0
15805565,0.24230364832988072,0
15677307,0.5255855461001153,0
15773890,0.0128763998365393,0
15598883,0.03770568613527728,0
15568506,0.02332041990416345,0
15761043,0.07368190830179921,0
15782236,0.020469183516296004,0
15593601,0.07133789791524461,0
15682048,0.3316234172602952,1
15746902,0.01941833307964529,0
15752081,0.8891007366538196,1
15781307,0.1349599998625197,0
15775912,0.19959335148589272,1
15745417,0.17429353598244013,0
15671256,0.6194185395297085,1
15653547,0.21702814563659198,0
15595766,0.047942601660652714,0
15742358,0.11038816138633302,0
15763274,0.49435012184128474,0
15786063,0.024611080364553953,0
15600258,0.029236676392102926,0
15573318,0.01724205129416964,0
15653849,0.7127708518721361,1
15694272,0.03974020694953198,0
15736112,0.21796934650230088,0
15749851,0.08295600181942821,0
15663478,0.05028126679387778,0
15592300,0.10928376670131014,0
15567832,0.2446874585603514,0
15776780,0.9247723628342764,1
15592846,0.0935965726285374,0
15739803,0.01906716961877695,0
15794142,0.956321536985508,1
15762729,0.40215687302740816,1
15667896,0.023775119481783787,0
15626578,0.013349570971484228,0
15776223,0.21570835794971868,0
15705953,0.560115773283578,1
15802593,0.9050468678444095,1
15615457,0.12123715739996112,0
15708916,0.025948842236202228,0
15720187,0.0944125460959082,0
15595440,0.1392079591166169,0
15600651,0.30991390035331867,0
15750141,0.07783842262502444,0
15657284,0.558755278264633,1
15763063,0.11483883254758144,0
15709324,0.01889002161721817,0
15711309,0.17976473346891808,0
15775318,0.9797066549140676,1
15705515,0.10284675188056094,0
15634844,0.6577368100998778,1
15717046,0.0750672828334387,0
15571816,0.12773894346528203,0
15670080,0.18440713877526696,0
15800440,0.163557817007581,0
15665678,0.06354599788810063,0
15665956,0.7523324319192546,1
15788126,0.1102206284960214,0
15811773,0.017041196833394133,0
15651674,0.9809571034808565,1
15689614,0.18329712795534825,0
15795564,0.055737689472946696,0
15706647,0.36230054867152894,0
15728505,0.06969803401619831,0
15730076,0.5846861242960055,1
15622003,0.047361825451243074,0
15607312,0.13971725025247506,1
15644753,0.1071118475534588,0
15653620,0.018746409228411816,0
15761986,0.10912824269954352,0
15633922,0.03168515366878355,0
15734674,0.3807587685772813,0
15658032,0.01655392295359936,0
15692671,0.019155883863829864,0
15737741,0.11041190852883431,1
15576352,0.1276705922015341,0
15753719,0.12332757343780065,0
15803689,0.7213222257402256,1
15718057,0.7705709780869587,1
15722010,0.6756730434257489,1
15680998,0.24248178260639963,0
15614782,0.2079597611656866,0
15591047,0.49919475769699906,1
15788291,0.21516804775264384,1
15604044,0.07391626286575531,0
15679587,0.07033160907214248,0
15775153,0.09733044441886282,0
15603925,0.06414742036563906,0
15680970,0.6043124897424565,0
15697183,0.07024279932786871,0
15567446,0.3308310513130774,0
15637476,0.9158561164399928,1
15714939,0.15746411216530384,0
15683503,0.9169420936565161,1
15645569,0.05439502802583393,0
15782569,0.058371051824266634,0
15592387,0.15913603173986726,1
15609286,0.05160341711908313,0
15814035,0.09338467122000862,0
15661249,0.0795523394570621,0
15629117,0.015074372452123069,0
15607170,0.014250647972067923,0
15586585,0.8798756318590705,0
15686611,0.07424112672539504,0
15603203,0.021139032100810033,0
15619857,0.15792713010777923,0
15805062,0.06922091730348467,0
15660271,0.11189852506518921,0
15745295,0.26798227275264436,1
15719352,0.09339336702694088,0
15766575,0.9355923906047462,1
15594594,0.11470420679895746,0
15646161,0.03127757588772104,0
15682585,0.09749707198977428,0
15603134,0.23232438639325134,0
15636444,0.3156970687686636,0
15773456,0.05039310157147775,0
15745307,0.37143491724861,0
15604119,0.09886915137005683,0
15626900,0.041328281301837286,0
15605447,0.5303910430050428,0
15589030,0.07027533338527311,0
15692463,0.08825310778821174,0
15712403,0.9586691503162147,1
15811762,0.947163488792773,1
15718673,0.10986806210486157,0
15724282,0.09850073183047099,0
15738181,0.03742711486864452,1
15633648,0.30737148690049226,0
15603323,0.027505358337135005,0
15583725,0.21830849544220238,0
15588350,0.2798970642126008,0
15798398,0.1745558884981704,0
15784844,0.5198253857678421,1
15580684,0.1115832108854171,0
15809663,0.05458644240525937,0
15640078,0.4733268153566243,1
15698786,0.27734374915429816,1
15569807,0.18165259349076596,1
15730830,0.01819326587489223,0
15805112,0.1256960768650124,0
15633064,0.032781257777182105,0
15703119,0.0167646482263548,0
15730447,0.15928511231657336,0
15813850,0.3782131900022727,0
15711889,0.1855544038956256,0
15664610,0.5851158629634554,1
15751710,0.04486488812910462,0
15692926,0.12726417303854057,0
15813741,0.08273538015801503,0
15698474,0.315705420847473,0
15568595,0.10465657966338113,0
15603065,0.025907478290087507,0
15592937,0.23915616701223,0
15699637,0.18626215318886324,0
15667215,0.012069807805061937,0
15788659,0.04861432294159738,0
15763218,0.051354610695414964,0
15645772,0.011596389644315903,0
15725511,0.09584526570667701,0
15575024,0.014627208298266067,0
15640825,0.17497040850608625,0
15662397,0.21714409253256678,0
15576368,0.5757729815914168,0
15674991,0.023949748465011095,0
15721024,0.11738073859984735,0
15745621,0.045823908808363095,0
15642394,0.025604571117327356,0
15754605,0.03870010691556592,0
15607040,0.07491143218003289,0
15715142,0.46893409096761374,1
15810978,0.042093388131843,0
15668886,0.03591194754481376,0
15780804,0.2056656714590091,0
15613880,0.1744167137804596,0
15775238,0.4318792153777303,0
15786905,0.14112610395748323,0
15747867,0.07549478448858288,0
15600337,0.39296476355469023,1
15801277,0.04700578845850844,0
15579334,0.8220805316661526,1
15802741,0.6124650175329978,1
15720649,0.16566161346955025,0
15589493,0.07821316195245906,0
15688251,0.1187805919441192,0
15665238,0.2910850202656043,0
15740900,0.019254930052316713,0
15681068,0.2044968433547921,0
15748625,0.06828357805454538,0
15727299,0.22757202743387372,1
15620204,0.4985285022422069,1
15669516,0.01834292629240362,0
15736534,0.06453052267463331,0
15803457,0.025729387678474512,0
15659098,0.09006472087491092,0
15603436,0.24550556112417085,0
15566292,0.02089478374803592,0
15808621,0.0204698328306194,0
15580148,0.9004849735823478,1
15776231,0.1524734430320527,0
15773809,0.032262868671127966,0
15649423,0.019881181885544965,0
15734886,0.05900193994890296,0
15722548,0.45920022764075585,0
15650288,0.2894531375061052,0
15629448,0.11530734547304163,0
15716164,0.2725425555953506,0
15807609,0.8694351686614739,1
15578977,0.01847036202971215,0
15677369,0.33141470714601684,0
15804072,0.04490534881744634,0
15696859,0.11496556613205472,0
15653780,0.36551521645127444,0
15721658,0.7423534958257363,1
15578761,0.09244985991823985,1
15736879,0.017733648493204412,0
15571973,0.39177305482862657,0
15626742,0.05303975890236259,0
15672692,0.07903176167672238,0
15673570,0.018405513660688762,0
15767432,0.23760819729565422,0
15654238,0.18109437703691394,0
15612525,0.9666415363834188,1
15812750,0.05097246342797199,0
15790757,0.03504796279899019,0
15723873,0.09231529059982257,0
15744607,0.34957570489125295,1
15612966,0.6572209387056404,1
15784209,0.3782650845410095,0
15794278,0.06161203349107201,0
15766741,0.0760597850324297,0
15661036,0.09841532906970078,0
15705639,0.05761837643259824,0
15637414,0.06054694317004622,0
15716835,0.049968694913992286,0
15696231,0.05262188044409907,0
15641675,0.9462312979217053,1
15670755,0.04418499854272027,0
15640059,0.02440596052922546,0
15787619,0.05438462368498089,0
15587535,0.5971233379292666,0
15813034,0.10956714386417796,0
15698839,0.25360226469778296,0
15790314,0.029904694740357146,0
15634245,0.7818921906047803,0
15677305,0.09864495854092403,0
15661526,0.085718400934021,0
15685997,0.08076913298571006,0
15660101,0.02891124422793303,0
15637979,0.13292520197875488,0
15815364,0.02419880997429191,0
15647099,0.15483789002904788,0
15625944,0.13354661874197088,0
15583212,0.30388399548599315,0
15582741,0.1174174375188021,1
15637876,0.17381737098206776,1
15622750,0.23986111760117246,0
15672056,0.9624574022859644,1
15812351,0.10336386326132073,0
15810864,0.018217403391620243,0
15677921,0.8532551115263424,1
15724296,0.05729167857734058,0
15685329,0.31030719756563807,1
15584091,0.17994087834566846,1
15640442,0.08822768452685771,0
15639314,0.016511401512668108,0
15685320,0.10694000292435056,0
15789158,0.4930134985649294,1
15752137,0.05086381448541875,0
15712551,0.9649058622144183,1
15628936,0.10292483155294606,1
15797227,0.013434772282238692,0
15769974,0.15289543261886723,0
15737051,0.02998316725708398,0
15585595,0.05722908854585054,0
15654060,0.0274455171849179,0
15745196,0.030828157573435017,0
15571221,0.5563888704674537,1
15660155,0.09369473388985133,0
15605284,0.009447730552551957,0
15694366,0.1900178132718008,0
15600739,0.06113489064700845,0
15653253,0.1658654137230732,0
15763431,0.03424770876686891,0
15643696,0.08039685814825459,0
15707473,0.7817868479251052,0
15769504,0.12373061355185468,0
15776807,0.12653512881740642,0
15686870,0.12011248501614129,0
15668747,0.24351029015562925,0
15766908,0.2080464676117343,0
15570134,0.1195633330721019,0
15567367,0.41585172808787335,0
15747542,0.07285414523208253,0
15762238,0.36554362332272894,0
15681554,0.07598273295842024,0
15712825,0.03027568791479817,0
15640280,0.028068674250098947,0
15756026,0.7623415164638531,1
15613319,0.17228329118604174,0
15798906,0.021150390442722346,0
15708917,0.22378576122966573,0
15778463,0.1551034850456821,0
15699430,0.04492885944284724,0
15649992,0.062211223365654975,0
15578980,0.023252233415190074,0
15775306,0.8772217357170873,1
15641655,0.023301353740430904,0
15619708,0.03666314808193766,0
15734565,0.022828457589773258,0
15806438,0.5313794368832618,1
15591969,0.06994971187749328,0
15747807,0.18798136165672402,0
15596939,0.09288244485000687,0
15716155,0.14744852018099155,0
15765311,0.1539124917299952,0
15757811,0.12998123148809726,1
15603830,0.022770285986956625,0
15660602,0.03322282399879138,0
15660535,0.12792651346679396,0
15666633,0.06481186027348472,0
15596914,0.09382276448714415,0
15639788,0.049815248635978665,0
15695846,0.018103105350431057,0
15726234,0.31730927596949465,0
15797964,0.09239614517166164,0
15625881,0.1027588235699228,0
15780628,0.02482215298757985,0
15575883,0.0453024641790866,0
15585036,0.034106406377705394,0
15589488,0.5844591056673545,0
15585888,0.568790847443462,1
15727915,0.1164081751284292,0
15707567,0.8042890296757182,1
15737792,0.19229903941804288,0
15599433,0.16706015717908596,0
15672012,0.38219010760315597,1
15806983,0.22600316970938575,0
15592222,0.5263076261412302,0
15608968,0.03132162771382311,0
15586959,0.05938929048637574,0
15646558,0.261541871988303,0
15725811,0.03793569951150904,0
15572265,0.2256076117878104,0
15794048,0.6368366460269091,1
15677610,0.2635809501628329,0
15745012,0.053422542570345635,0
15601589,0.10314866476418984,0
15686436,0.01977506607309787,0
15693864,0.7912374055028948,1
15760550,0.047414318750712586,0
15686137,0.048874919645902445,0
15809087,0.5354293423267679,1
15807663,0.5607105985084664,1
15809100,0.2470230249572555,1
15794916,0.09121992637219546,0
15614215,0.07153461285529734,0
15805449,0.03200039606542408,0
15686983,0.029842785416711076,0
15808017,0.056823823006705715,0
15756804,0.7202501095121995,1
15646810,0.2542321244672315,1
15710424,0.1558992597816776,0
15799422,0.30060613182935336,0
15692750,0.9534544440118616,1
15794549,0.06305696771268676,0
15803764,0.01831641246686571,0
15674840,0.053296967816896405,0
15653762,0.23331890215677423,0
15581229,0.08827364711800767,0
15800228,0.029236862433690364,0
15656333,0.11167803378772997,0
15697497,0.22159922401001242,0
15585362,0.9433788380069846,1
15571928,0.8369700237177972,1
15785519,0.09670574416070835,0
15743007,0.6162092553424481,1
15777211,0.09868620847096055,0
15721935,0.013537149470921644,0
15591711,0.14988755890978486,0
15625021,0.022243479749146308,0
15702968,0.1098318018090936,0
15600462,0.17453225787952378,0
15768104,0.11554951224680299,0
15780140,0.027848417963554882,0
15585255,0.34735957470708984,0
15772781,0.8801521227349919,1
15669987,0.17225310891192025,1
15697000,0.07124207854238308,0
15733119,0.020557235328678317,0
15782390,0.4586774031492588,0
15654700,0.2605549663483471,1
15632210,0.10180488507886773,0
15642041,0.13744413586249893,1
15709737,0.036198837292844586,0
15792388,0.38897629831170105,0
15786014,0.04793977352133229,0
15794580,0.9073495306293943,1
15675964,0.4343110476278359,1
15814275,0.07202755140584677,0
15724848,0.6177167684423036,1
15754713,0.038968823119722384,0
15693814,0.01369739676414564,0
15599660,0.03303042596745433,0
15746490,0.3117504364082861,0
15566091,0.22188623929415502,0
15655961,0.15905456908696017,0
15710404,0.03271831273117581,0
15775625,0.6263179636063873,0
15792328,0.15783183347137764,1
15719856,0.3809793593016274,0
15593773,0.020568161120425303,0
15733114,0.10840931802901693,0
15797748,0.03821830855253497,0
15743411,0.926163917805514,1
15753337,0.9494700972938535,1
15601026,0.1304383180654991,0
15658485,0.07998523485893068,0
15636731,0.15860815831711939,0
15628303,0.13321037135252162,0
15633461,0.1657785588763785,0
15677135,0.21499345391312275,0
15590876,0.13847372200624247,0
15790782,0.11543936156955374,0
15700476,0.11935037485691805,0
15634141,0.042580053767162264,0
15737795,0.1617117720747219,1
15790299,0.2842561198648999,0
15675316,0.03539907094644537,0
15613630,0.23398713270184043,1
15662100,0.45841765483151686,0
15668032,0.1771609622257366,0
15599289,0.24772469050757182,0
15754084,0.06208679460643076,0
15676521,0.03273148546688862,0
15804586,0.9543493762763295,1
15781465,0.2601513056369977,0
15729362,0.13505593061550983,0
15709295,0.04244118441387126,0
15745324,0.40716632524996643,1
15741336,0.10725718678661758,1
15783659,0.05669695692243253,0
15620981,0.616959229065058,1
15630328,0.19528000657116013,0
15785899,0.13231103226909732,0
15606149,0.3895841596846162,0
15671139,0.0638030743959721,0
15660429,0.11891922300884566,1
15571002,0.381131231960464,0
15631681,0.09082415673909082,0
15731522,0.03794013336965935,0
15619529,0.09151623412187074,0
15628034,0.10967070893758017,0
15686164,0.0980623122434023,0
15582797,0.0959213503813437,0
15753831,0.040326574008111765,0
15731815,0.983550397969026,1
15580956,0.5209142902514281,1
15602084,0.13932189624346747,0
15589805,0.08382769758582018,0
15720893,0.026343280887548223,0
15641009,0.1126353072057365,0
15605926,0.09467946882230162,0
15805955,0.3309482750773906,0
15801488,0.011563212940173043,0
15605918,0.06797333838697278,0
15779711,0.05630556533581076,0
15705620,0.04162492219150146,0
15685357,0.10583495742542293,0
15570060,0.3794753921352952,1
15582616,0.04183578090991783,0
15799515,0.48587792177349953,0
15642937,0.1792989524281976,0
15624729,0.09759617773413248,0
15566156,0.1428364741942807,0
15792360,0.013490586546327277,0
15807008,0.3560575991978956,1
15704770,0.02806067014639149,0
15756475,0.02323053260282981,0
15655339,0.12462647470877516,0
15613749,0.0682689311096358,1
15664521,0.029698554078258856,0
15681206,0.6909381816628254,1
15745527,0.052595284366560864,0
15806926,0.06741160113917533,0
15724563,0.05618522202103301,0
15782899,0.11902623759754814,0
15623521,0.10249712167471219,0
15810218,0.33315675735348743,0
15645621,0.029410380547282726,0
15608114,0.15589355623035864,0
15659557,0.04271127596753095,0
15787772,0.18359790111556132,0
15691111,0.13182389116322032,0
15592089,0.07104896029813705,0
15633897,0.032156001943011756,0
15701301,0.15251100767290557,1
15723685,0.08732644570271322,0
15701602,0.9773618949441848,1
15739189,0.02790993100115508,0
15573086,0.0981367661572066,0
15569050,0.5936265497274594,1
15750765,0.09590301444842947,0
15799811,0.2572254088913051,1
15698442,0.059455588122397415,0
15655274,0.021525364289979844,0
15603594,0.014744269702135033,0
15585961,0.09619581598113497,0
15686936,0.17412968802167292,1
15770424,0.11950877869928334,0
15587451,0.4381176969375992,0
15602010,0.7001053810479073,1
15600583,0.12693073501132918,0
15654673,0.5462041944181455,1
15717164,0.024660877415082754,0
15765014,0.381474665539767,0
15682639,0.011749283475349266,0
15729279,0.09687768886450325,0
15759805,0.024679185926484118,0
15767864,0.02547751136805628,0
15769948,0.1876616332401047,0
15686345,0.010196420999914904,0
15688071,0.309807787230187,0
15681174,0.13903159402914256,0
15667521,0.030174654943025122,0
15750243,0.01830058762085326,0
15695475,0.017897481454440638,0
15689176,0.05603302523968601,0
15652955,0.15143047864667195,0
15668958,0.0909385067931888,0
15631054,0.017434170028476602,0
15581479,0.04118452596737782,0
15577478,0.08395680863998033,0
15780870,0.0803476399135541,0
15692317,0.016895451828138678,0
15593969,0.21889340733595336,1
15570417,0.020884115038240645,0
15779059,0.0508785429797312,0
15785980,0.03311440104255203,0
15644200,0.4883524467193973,1
15793949,0.7722701676798386,1
15645103,0.12311956656686662,0
15705860,0.5001621942062313,1
15623828,0.09323910229624309,0
15715003,0.3849193757143045,0
15623471,0.2735300282821148,0
15798348,0.3185672924542407,0
15743016,0.11140732319862875,0
15769499,0.05545186196698095,0
15798521,0.019219728231420572,0
15706534,0.6745326493080394,1
15706186,0.02915041138609088,0
15812197,0.11207906198145781,0
15650933,0.5647852745244738,0
15692991,0.029588689815674425,0
15631189,0.21682358195254264,1
15762198,0.04433191892218787,0
15699598,0.019402733634855306,0
15692744,0.04372996647019162,1
15688963,0.5443739565318074,1
15599131,0.03464197190695528,0
15680303,0.9111959918356038,1
15628674,0.2674188668361268,1
15648075,0.7850440648469796,1
15586970,0.4568312409607394,0
15625698,0.031560111776259996,0
15790497,0.02638352569918663,0
15682618,0.037465105367802294,0
15762937,0.0840045278170863,0
15750929,0.026526536154158533,0
15729832,0.09304406376966808,0
15633650,0.1011409958873162,0
15748856,0.03868861052160567,0
15589195,0.2858341697064989,0
15699911,0.29514801537754093,0
15663438,0.19001994693278584,1
15692583,0.024518404567106442,0
15591257,0.018516931285602698,0
15646513,0.42999446680926984,1
15708063,0.8651685161797533,1
15696098,0.023987309571310355,0
15645517,0.010891778448865212,0
15649744,0.19888008236678964,0
15604304,0.13640323062531967,0
15784092,0.0642064714488012,0
15585198,0.10389263534814075,1
15624347,0.02090585199939346,0
15621687,0.02492112353723495,0
15689081,0.14322265573135404,1
15813168,0.9356059781885305,1
15604295,0.02116616190407098,0
15724127,0.049085294760037874,0
15673055,0.020494598300417697,0
15768201,0.07475864191215364,0
15782219,0.01909921467709703,0
15746410,0.025500049560749867,0
15780144,0.11651372540463967,0
15590476,0.01746148574943893,0
15624293,0.5296565356721852,0
15618182,0.03685285761408022,0
15660316,0.2977931265576214,1
15678886,0.14020653678379158,0
15616330,0.02457419110453815,0
15592229,0.5145141720911388,1
15798424,0.5079019556096582,1
15714750,0.09474990504486937,0
15648800,0.26585863677062893,1
15626147,0.8962223815968005,1
15626608,0.260545248906835,0
15723250,0.0279114360196645,0
15592583,0.978173087529221,1
15759381,0.17009083782585965,0
15585241,0.04025994055865283,0
15589358,0.03959784195847031,0
15672704,0.03296963435909405,0
15789955,0.8580683254711576,1
15596800,0.04274751574151578,1
15627305,0.1936099804607445,1
15645316,0.5160772492487755,0
15593973,0.0861886707950044,0
15647301,0.2507278352286565,0
15750258,0.1242754594077268,0
15685309,0.14913535435881214,1
15628205,0.13628216798964346,0
15733974,0.11051145256670654,0
15762110,0.025491606421059698,0
15706899,0.014085264559988176,0
15732660,0.13363253615531012,0
15656121,0.08076720702405665,0
15614220,0.013789956445103068,0
15645269,0.047199911830560694,0
15698510,0.05589004039782338,0
15569247,0.6572653690083826,0
15566251,0.1498435127368495,1
15716134,0.11965941518973087,0
15763625,0.024771704549107283,0
15605965,0.03975946860611473,0
15694821,0.39230840940448397,1
15601688,0.15029390953321037,0
15575581,0.1024127383679505,0
15671209,0.7395517898548889,0
15616529,0.11540322463952371,0
15773906,0.02482402622756749,0
15722993,0.09552525762807632,0
15752463,0.07397749328658136,0
15589754,0.36827125916493236,0
15669899,0.8075400158806407,1
15766887,0.050079316186321894,0
15768006,0.11236895510820895,0
15741295,0.08389547242390104,0
15811327,0.26658801873674376,0
15690007,0.891900061818487,1
15690664,0.024320575940421488,0
15719348,0.18666018039784105,1
15781802,0.22872956018665672,1
15752731,0.19241944214255602,0
15600997,0.03404049526872896,0
15750776,0.07254597488065592,0
15723907,0.28555433594297225,0
15633419,0.08305847406423647,0
15702430,0.18491923125485543,0
15710456,0.02804883464386404,0
15650351,0.10779770643100574,0
15590820,0.1009567842213076,0
15640454,0.5043578603577749,1
15697789,0.19670893633544928,0
15808182,0.08105214567518156,0
15588670,0.6721591313545094,1
15721292,0.025926972957705977,0
15604217,0.019073940187524247,0
15651369,0.015663842675235854,0
15782454,0.5321879237827953,1
15814032,0.039006804423950055,0
15570326,0.014122602613809591,0
15624428,0.1447753696179471,0
15755638,0.22685386419831602,1
15600992,0.015724563263456167,0
15755649,0.7359082294251728,0
15795228,0.08632486037211137,0
15589257,0.05607366505492742,0
15719302,0.32995504348781823,1
15639882,0.04580608121709638,0
15791279,0.2804262910402415,1
15636935,0.016649655565772428,0
15686909,0.12296781795869305,0
15589572,0.8365953352212702,1
15779947,0.958291363513784,1
15573769,0.03990479241720883,0
15578866,0.3342121122337911,0
15739131,0.1279231207158012,0
15813444,0.034423092621534396,0
15678058,0.15286677903331758,0
15769169,0.2016914331870229,0
15804602,0.06595187770096778,0
15651052,0.9706285107698891,1
15724334,0.17754539353838067,0
15569451,0.07199568128981261,0
15650098,0.03879332548247739,0
15724307,0.010378356797735192,0
15599268,0.012378831409597784,0
15594864,0.05679943004910474,0
15616451,0.3086839968026133,0
15715667,0.018966968945827105,0
15658969,0.8296235537861386,1
15738174,0.018664287490165986,0
15813590,0.030444399593169337,1
15624229,0.01600296987902725,0
15674148,0.16891597420737595,1
15625080,0.9432118613483211,1
15682528,0.10725348645608258,0
15696900,0.05667956510914446,0
15730038,0.24730627138556388,1
15812272,0.17095549182615022,1
15654654,0.08114865435999305,0
15697625,0.06050403455465478,0
15616280,0.49239852163674147,0
15654229,0.07638656113345717,0
15628298,0.6060615915250095,0
15733387,0.27374259488780195,0
15775572,0.11230518750680948,0
15613844,0.06717240255930042,0
15578515,0.049002467728347564,0
15607598,0.021564801124258747,0
15742480,0.08192607061187508,0
15749482,0.07050442481157981,0
15607537,0.7158707720416094,1
15575410,0.08582031296156974,0
15684865,0.09792679916709063,0
15600700,0.4474345021907581,0
15774155,0.08833968838856361,0
15634267,0.028297515897995007,0
15619626,0.032666963583519525,0
15660422,0.023316370064685368,0
15617934,0.07043372419007088,0
15760774,0.021231529640079575,0
15813132,0.15908218323607143,0
15593331,0.107256625102365,0
15616709,0.21458911124943578,0
15658052,0.4925191722780876,1
15721189,0.028081965665564913,0
15711288,0.01830328363142884,0
15770030,0.037679374164452585,0
15803681,0.02266611191335262,0
15702789,0.0722435826995602,0
15814930,0.642250437114737,1
15658306,0.04373737514291887,0
15699523,0.8797930671647434,0
15610383,0.971046116129012,1
15615032,0.05718292633811831,0
15781989,0.24914803955524445,0
15647402,0.029470351046462156,0
15740494,0.033970968087938314,0
15701265,0.1433664261481481,0
15743532,0.19314807133142936,1
15794870,0.055312468380144746,0
15747591,0.21453567913405885,0
15726557,0.25003812924901764,0
15732199,0.07575673794019515,0
15662291,0.9862600568398262,1
15749050,0.2617398753531663,0
15781586,0.15572099398827574,0
15617078,0.36849532089914794,0
15723339,0.07923849620562927,0
15671322,0.24230364832988072,0
15793854,0.11342409387211413,0
15756539,0.07588434842006375,0
15612064,0.02554099668102687,1
15625916,0.10477403760186663,0
15683195,0.04653624924935262,0
15690182,0.36813548795789663,1
15721719,0.04542796950005048,0
15641690,0.020056780747280685,0
15634896,0.03936151034512055,0
15671590,0.01778402297880475,0
15779182,0.6277247485055076,1
15778287,0.01653877985588259,0
15609510,0.16226137363047552,0
15742229,0.17311348465577311,0
15658532,0.13514810260456894,0
15590993,0.04785373637217033,0
15565701,0.18863788258235428,0
15597239,0.13574322650125814,0
15688880,0.42420966743527194,1
15813917,0.19387501317420838,0
15679611,0.1768871910750394,0
15636589,0.02599972811916887,0
15687752,0.031661976396803244,0
15584363,0.029653114595202684,0
15737748,0.11748971528846226,0
15803365,0.2689920449212039,0
15793247,0.013443383538826955,0
15572360,0.0838038255054564,0
15795166,0.06828585167767143,0
15724620,0.11851639533408548,0
15800856,0.06249174654649957,0
15671097,0.03270403771432698,0
15683930,0.09114295425541483,1
15749004,0.06669271169595047,0
15800434,0.7319353417043416,1
15709117,0.28679559844203445,1
15638806,0.13447653895715164,0
15662294,0.019540320781739503,0
15690079,0.04444826457943758,0
15759317,0.12021367557086486,0
15750497,0.10856564835337278,0
15596181,0.093565421005622,1
15576602,0.0139864546201512,0
15644833,0.8771205294631007,1
15734634,0.098182991166789,0
15808689,0.013820848497802737,0
15720702,0.19948537353209195,1
15665077,0.8600891393105313,1
15763612,0.1364602235498868,0
15596493,0.11902487544721736,0
15704483,0.028874051543921808,0
15598846,0.46191459766082005,0
15629244,0.29613731779596897,1
15765537,0.08660146876430672,0
15729975,0.20545754079005188,0
15682773,0.07665850140630646,0
15688007,0.04394222616938045,0
15574331,0.6065650885979028,1
15645572,0.39142869190705454,1
15742854,0.10933055549632419,0
15575417,0.07653970053366337,0
15796721,0.03466000843047954,0
15734942,0.23054754860930568,0
15664772,0.011718661144556787,0
15576683,0.7020769198687768,1
15682563,0.11127417957774242,0
15650889,0.10273841254493023,0
15612108,0.20427495039822421,0
15761132,0.1518775577989681,0
15645511,0.16041399231942402,1
15609824,0.9791169985531231,1
15640268,0.10728675592940232,0
15645778,0.25670068635301213,0
15691104,0.15853744742975157,1
15714567,0.034522678244502024,0
15777826,0.05030390189529381,0
15668445,0.019298857805016414,0
15576162,0.060557546245319824,0
15778135,0.46886271306267885,0
15613141,0.11932366447379372,0
15635435,0.8311459772030306,1
15596552,0.5968703963668125,1
15623644,0.0202696406887338,0
15683403,0.4868534485972596,1
15615029,0.1481429252520485,0
15769005,0.12272845241909217,0
15746326,0.05307397708129737,0
15722364,0.14485163909386362,0
15704954,0.058884659577184494,0
15694409,0.06758371885486292,0
15754068,0.013106502744122285,0
15683841,0.13348899213488688,0
15789095,0.013994323543208138,0
15719958,0.08504808207819786,0
15689514,0.6093280375325112,1
15621353,0.03960140286571692,0
15627232,0.41242363314960123,1
15745843,0.021055521686841477,0
15722902,0.5745434485264934,1
15791767,0.03460071499400148,0
15792722,0.4764199292460653,0
15723006,0.029372829080546097,0
15771942,0.8476242029641082,1
15774738,0.3357164431707955,0
15574004,0.03683377562547619,0
15587233,0.8795263365566729,1
15808228,0.3282571528521674,0
15682834,0.04276577345765846,0
15571752,0.10530663475442469,0
15743067,0.21857438447090394,0
15714466,0.4871933920874458,1
15617982,0.03906383598833776,0
15696637,0.06010969315640449,0
15690647,0.5273679730243345,1
15672756,0.09198274634347246,0
15704586,0.03587406716613377,0
15674526,0.06744913516456336,0
15775295,0.2306001038179576,1
15684196,0.8381288751747688,1
15727281,0.023954059983390848,0
15787835,0.15417078691681654,1
15730540,0.17395941477921742,0
15646276,0.11332404831096146,0
15582180,0.05557192840574399,0
15697095,0.10245303078240528,0
15748797,0.20602427172145585,1
15754796,0.28967712322790845,1
15628947,0.03370289762458202,1
15775546,0.028246652049971933,0
15670481,0.0397324948545942,0
15619029,0.08345151183629536,0
15613282,0.08177862546923759,0
15721487,0.13130812109604378,0
15797276,0.22348381855963886,1
15612494,0.8548236000878956,1
15629617,0.054559791892389985,0
15600821,0.05969525178808782,0
15579062,0.017410586461595302,0
15814268,0.3511923570984583,0
15710164,0.6140359340610521,1
15693904,0.027794229647255503,0
15588986,0.13417996786222244,0
15797733,0.07231063728063063,0
15620507,0.1579520257147159,0
15685150,0.02365954031741958,0
15667651,0.027775507593785883,0
15774166,0.0873914273226971,0
15649280,0.5143009891201276,0
15705657,0.25294789507334114,0
15753969,0.1919268056856252,0
15742378,0.2678835432465554,0
15794874,0.12052110534284599,0
15589221,0.0563415414453847,0
15596671,0.35274377187957534,1
15583668,0.22015674662371532,0
15710206,0.18066672703471512,0
15799966,0.9575960547617032,1
15794560,0.37132348037497565,0
15626485,0.07068264467780679,0
15703143,0.06933604639889336,0
15809772,0.6680541901498498,0
15687959,0.3652318905141275,0
15585282,0.1191282076484783,0
15714993,0.2688538289460153,0
15596021,0.05767011742800778,0
15646615,0.07013263945901639,0
15742632,0.1165216508710423,0
15574068,0.9328053895364729,1
15806967,0.20933447850945924,0
15796334,0.4757718218877744,1
15688713,0.26407169533949676,0
15796179,0.45083831376767664,0
15598751,0.8757306885190361,1
15703019,0.04054875278443239,0
15646302,0.10871285624897777,0
15680855,0.06522280913817,0
15697311,0.21007890779617108,1
15585367,0.8334457458190931,1
15726556,0.13007615960623908,0
15676242,0.08234025457589099,1
15684198,0.2470416157269477,0
15774882,0.08956975730973264,1
15714227,0.48680300864862147,0
15608653,0.0989054528407035,1
15784280,0.06930383895158451,0
15789546,0.017722888107763304,0
15590320,0.023149617761446296,0
15678385,0.017015497652791894,0
15571778,0.8514614616402599,1
15657085,0.046455715021064124,0
15640627,0.02046633960847744,0
15566211,0.4659220094097965,1
15669293,0.09371510025978873,0
15595067,0.04950350514386147,0
15753566,0.17496538070627035,0
15650391,0.1107540200403727,0
15681843,0.09167268376271699,0
15814846,0.79647246541062,1
15670374,0.9799986226063631,1
15762332,0.04150782077127586,0
15700223,0.23131285272385935,0
15729956,0.08000890281578067,0
15594862,0.02156586122655969,0
15598782,0.05763253343533599,0
15745080,0.14017589608393802,0
15703399,0.04592701091114776,0
15732175,0.13382990163734332,0
15630725,0.6115667151714671,1
15640260,0.060434371767485326,0
15716822,0.05805522540867202,0
15583748,0.030244540492542965,0
15605968,0.03797222119445396,0
15790683,0.02456038221506216,0
15607713,0.01115203342311342,0
15700212,0.23533202004326975,1
15626710,0.19055167019794209,0
15716491,0.426825333234977,1
15625824,0.9511793441558977,1
15617705,0.171409395435761,0
15761976,0.022278134769787697,0
15634891,0.7864135503694842,1
15744517,0.6988714701134445,1
15686963,0.24878462541246657,0
15808189,0.08518912559412462,0
15580845,0.5049666911739318,0
15799156,0.02462777554741139,0
15694296,0.04883641378334689,0
15677049,0.0994065814383748,0
15583595,0.11839612226908618,0
15590146,0.29792054850257443,1
15801548,0.04550909844404046,0
15660833,0.043932261197732705,0
15762277,0.4489913914505444,1
15791302,0.017736777170702503,0
15798975,0.7750309550396483,1
15599956,0.01719609246369467,0
15577274,0.6789229481699377,0
15701200,0.016619563716809033,0
15638149,0.19474398302772442,0
15786199,0.06255578194824093,0
15701765,0.05575379734961054,0
15586974,0.01839065765119606,0
15729040,0.02966177884750534,0
15788676,0.044583514062502445,0
15602497,0.13585102712200145,0
15701333,0.18017711398890168,0
15812071,0.17678075783898242,0
15634375,0.03088159010468097,0
15738267,0.14900269088366228,1
15786800,0.5865125358235114,1
15591130,0.023436337944443275,0
15720662,0.13458689956093062,0
15751531,0.022081625827659736,0
15653595,0.0865806572237688,0
15568360,0.18343361889263282,0
15781210,0.017068786810446938,0
15668058,0.25928643629442627,0
15597131,0.06857250887604073,0
15697283,0.022097723916293065,0
15640953,0.04545244294191602,0
15715031,0.021401956972720064,0
15589660,0.15274939797674003,0
15769818,0.20468878358179154,0
15782736,0.6210486124600684,1
15614818,0.07642048577795904,0
15794014,0.025083591847565506,0
15732448,0.11540039354977212,0
15723411,0.09284009364175023,0
15797686,0.07492459508136029,0
15605950,0.041246694314910425,0
15812497,0.3203485051677055,0
15690678,0.09892537655379247,0
15747677,0.03117745923881169,0
15618926,0.03684405957472385,0
15673908,0.2892545710975824,0
15727944,0.670474918794944,0
15807294,0.055113056812263785,0
15618581,0.012757829111910887,0
15584364,0.577262597671534,1
15599552,0.08353645790407764,0
15749177,0.13846040957331307,0
15718779,0.08104220127189614,0
15568106,0.06092246486359787,0
15779481,0.02943091820937467,0
15709994,0.16367900521199066,1
15772777,0.010620895293175985,0
15706815,0.2809325442126379,1
15618018,0.07741715332336159,0
15671032,0.07087337309630627,0
15634281,0.7380585120833302,0
15766374,0.10250594825992698,0
15600991,0.06529209629451405,1
15777576,0.16750232317476607,0
15742613,0.13422701802938117,0
15649523,0.028430318696450945,0
15651063,0.22926013876521137,0
15683124,0.8220451158475676,1
15618314,0.0830503570089011,0
15670823,0.6309471265075492,1
15607133,0.24942652575721574,1
15615012,0.09097319354751446,0
15725141,0.3850383864169748,1
15623560,0.07989345389022537,0
15693018,0.10159861068268519,0
15636756,0.022959644546471286,0
15647474,0.05934681853219241,0
15576714,0.02441374397294587,0
15585047,0.06338726126830908,0
15743976,0.3338814871975829,0
15793881,0.08439345378762357,0
15576517,0.06883403065116508,0
15631072,0.03900602207008136,0
15730394,0.0998457158629558,1
15631460,0.03550482791490488,0
15692002,0.12495190467187034,0
15595282,0.031129523719802966,0
15789548,0.030730680644218578,0
15758035,0.16156906152761424,0
15617518,0.11338374756120605,0
15651802,0.08107337422967871,0
15631813,0.021953079313259113,0
15729668,0.1333592897306217,0
15741728,0.06351254360564597,0
15576676,0.07211487462019443,0
15711378,0.02913999033958706,0
15765520,0.17097465834140996,0
15656726,0.06845122492073136,0
15647842,0.8180795739212109,1
15719309,0.08850590115475566,0
15748718,0.08970500997606537,0
15594404,0.3114456508720883,0
15751158,0.9313620736006145,1
15593470,0.09605626236559146,0
15695129,0.06727990082065607,0
15640865,0.02589581611819546,0
15714080,0.1804861853889838,0
15648721,0.028352097602586175,0
15801466,0.06644443553244657,0
15750248,0.14243901496426173,0
15758726,0.02252852688163334,0
15781553,0.8408893471796542,1
15649121,0.8107212878449104,1
15674811,0.025975307394940524,0
15646037,0.049069183013244644,0
15722578,0.12901592234886677,0
15665695,0.13184938068721247,0
15801062,0.03892119944354782,0
15662955,0.037053319378134636,0
15770309,0.039664674424423854,0
15657386,0.15001309105160263,0
15777797,0.07773640220159682,1
15783955,0.04117442127064927,0
15804516,0.19476797120069694,0
15681758,0.026749506610432672,0
15630321,0.05280693418236978,0
15588248,0.35423078682380976,1
15591932,0.08814772409239785,0
15810347,0.026410458800523576,0
15595303,0.4667901323091488,1
15634950,0.5184588210460972,1
15685372,0.9323897673863036,1
15745827,0.0836665396323501,0
15755868,0.18268811463389317,0
15735222,0.019298781756075262,0
15604804,0.0783117967443631,0
15718944,0.04883137451067132,0
15678626,0.03664985728912547,0
15571550,0.21574206453954148,0
15723053,0.032922386942502026,0
15661528,0.40262280905332676,0
15754177,0.44725316605345755,0
15683544,0.33295016930888066,0
15708048,0.09612782750710343,0
15701109,0.21458035468719647,0
15600110,0.30896651579209944,0
15651533,0.8742528151546417,1
15777904,0.07093284408025262,0
15655574,0.37892904592386656,0
15569423,0.031135947424938998,0
15718106,0.02826152311322518,0
15585067,0.07865523291414324,1
15675501,0.13996579053932487,0
15633233,0.8404169188370924,1
15667134,0.016870823213502296,0
15659105,0.6486562033627308,0
15575409,0.22269143552946116,0
15752342,0.989335202982844,1
15654851,0.1485876184157765,0
15741429,0.033271560482670715,0
15682356,0.054189622009591557,0
15806447,0.05262046164458141,0
15800229,0.22882923179862588,0
15663441,0.5014809083184696,1
15791991,0.43759549950832094,0
15775082,0.051350519241469654,0
15579706,0.6626225738533158,1
15718247,0.1123860485669682,0
15755722,0.15136377107293028,0
15582259,0.030801135007944326,0
15716994,0.09985461250985511,1
15586880,0.12677307734265797,0
15713854,0.045977809068341265,0
15780835,0.10935232746111573,0
15675896,0.45745293856008706,1
15658459,0.015260023529949882,0
15658057,0.8532108579575725,1
15801767,0.04306182663428631,0
15569178,0.12258507540635524,0
15731478,0.3315939465092475,0
15811236,0.06307688173679649,0
15746749,0.01935370918956888,0
15662758,0.11923964965917752,0
15709387,0.364187118412329,0
15572093,0.11133148190603204,0
15713826,0.27464363582665247,1
15570205,0.014874211065215717,0
15589348,0.0685770160521637,0
15804610,0.0499861561412399,0
15700854,0.1936099804607445,1
15758836,0.036475605339542604,0
15772933,0.10668527842476051,0
15809006,0.039457003477335294,0
15689612,0.15065479795957992,0
15744614,0.06678451843554814,0
15704250,0.016522135457121372,0
15700255,0.15929109281803192,0
15669410,0.041021220194825125,0
15807595,0.5475275198065355,0
15664523,0.10437784832000103,0
15642833,0.02572173111903064,0
15605279,0.9790662279629418,1
15713644,0.020386564814216336,0
15750466,0.3082293174904588,0
15739054,0.08042731975244569,0
15612771,0.05982798021135216,0
15788483,0.17039756536666098,0
15732832,0.04414222147313455,0
15772892,0.7410113316290579,0
15713843,0.012997226815524107,0
15567993,0.07100171339967003,0
15617603,0.04239125888519664,0
15744983,0.22524638186720353,0
15630419,0.30644189717834114,0
15738828,0.6262155395681728,0
15778025,0.15948021713276428,0
15799479,0.09461208528741762,0
15684269,0.2003255797591638,1
15762745,0.16605816962859304,0
15746970,0.15696408608643347,0
15725024,0.06976946122846281,0
15592116,0.04081782775278279,0
15624391,0.10132860169079869,0
15567422,0.030444399593169337,0
15612627,0.07024106419705349,0
15574879,0.1438858668556694,0
15745107,0.22887524555500416,0
15734491,0.02585623076197188,0
15675320,0.11074649057170567,0
15643824,0.045437557417257225,0
15643438,0.014830785859280451,0
15721730,0.08929013092306377,0
15680727,0.5130396139374642,0
15752508,0.04256168499007257,0
15808846,0.052757164229490984,0
15727251,0.08468695327984598,0
15663489,0.12635511803135338,0
15683677,0.1440115596634529,0
15596414,0.2587989178698623,0
15730639,0.041552557488895706,0
15672132,0.256358745550023,0
15742638,0.016848241965077733,0
15578603,0.9302946694278835,1
15726088,0.20930214731290103,0
15682533,0.127327783020081,0
15772995,0.08897117066103273,0
15765694,0.5657231942770782,1
15659486,0.09418078805544437,0
15568963,0.15615132022713846,1
15703820,0.06733218289465809,1
15569410,0.08744075500930507,0
15632256,0.08004585567071458,0
15724466,0.3730531608006638,0
15777639,0.04497021185657134,0
15802501,0.0845161061225959,0
15778410,0.7331829960901515,1
15670702,0.030095260295712512,0
15704763,0.42536917300249094,1
15645544,0.15769124752566888,0
15757646,0.03285750095062691,0
15701121,0.09349851888940028,1
15796313,0.10136213064379719,1
15815660,0.07911418954847746,0
15602844,0.1318263770989298,0
15636238,0.02505622705148902,0
15770101,0.17359749489672055,0
15645543,0.01927119497499745,0
15596397,0.103514726088864,0
15770525,0.04297236577533673,0
15684267,0.049143994426219986,0
15689980,0.19609219647884862,1
15633260,0.0721253142245771,0
15756471,0.0538597754555613,0
15721303,0.07288385638192543,0
15802256,0.0334787762629676,0
15725664,0.19924088851671806,0
15674851,0.025861715011429743,0
15701946,0.08138927785699028,0
15748947,0.11938211563474435,0
15673342,0.020568414108800545,0
15601008,0.016166443266016534,0
15771636,0.2372928531291632,0
15642002,0.06159991747279929,1
15693381,0.053764301671903394,0
15607691,0.08197229938965202,0
15589380,0.10365064681450117,0
15603846,0.020485622381677563,1
15753549,0.05145522342464176,1
15725355,0.35702524775649547,0
15773017,0.03577358167028851,0
15625641,0.07634857184439019,0
15776467,0.04693066023850907,0
15746451,0.14684258953116197,0
15777922,0.03596754348355381,0
15606841,0.019967444047231137,0
15757648,0.25547895341705057,0
15677173,0.14128598795995245,0
15764170,0.5254981909166593,1
15610446,0.9401105430803075,1
15612776,0.027836965690047268,0
15794122,0.07705881172144143,0
15774931,0.048259122197457045,0
15779247,0.16361116695773323,0
15707078,0.1550614312090251,0
15605263,0.046673840561080385,0
15607381,0.10781955117760392,0
15683471,0.021685910453985952,0
15605037,0.7601830387300028,1
15576085,0.02961136732085154,0
15770435,0.14761844561482243,0
15592994,0.050031773178762305,0
15624068,0.0389960539679308,0
15595221,0.17543164208705442,0
15637131,0.02242624601555347,0
15613471,0.046829595205059034,0
15583499,0.04746319082050587,0
15752816,0.08655354508666872,0
15804075,0.26905455552718216,0
15800517,0.03599412943491048,0
15712319,0.0985676777415485,0
15797389,0.05727670252787107,0
15621432,0.029879118770694536,0
15779390,0.04882597825435453,0
15711219,0.662550150474153,1
15770498,0.06419887852916664,0
15678727,0.7786747337959911,1
15573893,0.024346427538267636,0
15740104,0.42149269075636214,1
15792649,0.027690340484072623,0
15605275,0.7242725238622487,1
15572467,0.02091374231405965,0
15738219,0.02623654376023201,0
15600710,0.14462855130649477,0
15804394,0.23234763178126847,1
15694188,0.16694208832413718,0
15583718,0.20904282600426563,0
15802478,0.016908944756904257,0
15619343,0.7237176295388148,1
15758813,0.8710357152137628,1
15761374,0.23457166240324454,0
15569209,0.11546195632877,0
15788539,0.119063788555124,0
15747222,0.0276639734196612,0
15769346,0.08550227392524117,0
15699634,0.13077965914606715,0
15589076,0.1644322288686847,1
15812338,0.20092692247513044,0
15758845,0.17512942357833225,1
15685844,0.22205488093034859,0
15583090,0.026641314299639045,0
15587581,0.0756429317814682,0
15633640,0.26107557742128834,0
15573741,0.057367893523902924,0
15633574,0.24051417294522437,0
15711455,0.3626107915944667,1
15570601,0.3501117271026205,1
15690925,0.2376376642984398,1
15709338,0.050931061224236705,0
15780746,0.057332335253823204,0
15681956,0.012105834776739292,0
15778190,0.09359296161317383,0
15786852,0.08465786202179564,0
15726494,0.4509440344144167,1
15641183,0.07950137121293385,0
15805312,0.18799981019428208,0
15636572,0.01819326587489223,0
15632575,0.2005896248120576,0
15740164,0.06881640824343248,0
15574947,0.03094639101243692,0
15597909,0.20970830245775474,0
15782574,0.019003828545656257,0
15734999,0.11477089963767596,0
15706593,0.08069039602679427,0
15766686,0.5103397836416882,0
15590268,0.06792938472960428,0
15763055,0.055613262876216416,0
15664754,0.977507498191346,1
15643630,0.6257193475162893,1
15641043,0.015722370736114488,0
15768095,0.10315335955608186,0
15811314,0.13658524001241665,0
15669922,0.0405463002381652,0
15707114,0.012260170080632701,0
15670602,0.14360936448148076,0
15713479,0.020980645721775697,0
15663830,0.017136778309991215,0
15566958,0.06340295193658116,0
15680918,0.09447594666690687,0
15663921,0.050226163466186094,0
15716324,0.059568768492689515,0
15796969,0.01240756030091347,0
15574783,0.039794025282956884,0
15773487,0.20853074128812693,0
15802486,0.014776347292970504,0
15783398,0.6140993385495629,0
15649418,0.08563582122353205,0
15604588,0.022319246344904318,0
15735428,0.041841750246446756,0
15629078,0.453391762619992,1
15806880,0.1558481065666679,0
15754999,0.13401800467057318,0
15781034,0.021858983495169435,0
15622017,0.1156436364622607,0
15705885,0.016633909411799628,0
15677382,0.14282366313672873,0
15566843,0.13687722678692654,0
15608387,0.02552390022062574,0
15810786,0.0352875142244837,0
15626983,0.09189517284982339,0
15773605,0.025945127375161154,0
15811261,0.1198757233946599,0
15590606,0.03103101317263893,0
15576644,0.13301309792048294,1
15750264,0.05996557324122635,0
15741554,0.06301399630777768,0
15769051,0.21275487193924394,0
15812198,0.8049963320089651,1
15699772,0.32812985508650755,1
15744105,0.0510939116910721,0
15739858,0.3789411926096323,1
15723720,0.020540819213623312,0
15638355,0.1719035205971803,1
15805637,0.8908735982940696,1
15629575,0.10854155657690773,1
15586243,0.12748749012431296,0
15757931,0.018391850880546207,0
15716023,0.012988683795588917,0
15647782,0.07016646084065581,0
15716609,0.9326942589344038,1
15623791,0.2855989470855165,0
15627262,0.0633052369980895,0
15652693,0.13049696806444527,1
15586993,0.09733178402228336,0
15815560,0.09858046036044422,0
15584930,0.06111298386578777,0
15799031,0.035034333549394024,0
15810457,0.0921841846602563,0
15697879,0.03879523053494108,0
15594902,0.09687731057261068,0
15799710,0.09336157209199716,0
15659651,0.28848984118778176,1
15645956,0.2920396942269418,0
15651713,0.4139494125271451,0
15737265,0.28763419297010184,0
15687310,0.02619347384275873,0
15607347,0.10140223430622565,1
15698321,0.0382961410865245,0
15657812,0.0679253256446459,0
15569187,0.020617648760202046,0
15681562,0.1455232639805526,0
15615456,0.14547691538451307,1
15589793,0.6939746246957249,1
15781884,0.032286431438828894,0
15675190,0.014869578910575842,0
15600734,0.18020524477869201,0
15779176,0.9641671841534958,1
15605286,0.18035090890332628,1
15674922,0.24129192870320224,1
15737506,0.32535033158950954,0
15780514,0.08771316737264075,0
15623647,0.14691874818970646,0
15668472,0.13246233529550938,0
15692416,0.994503043159261,1
15771139,0.07163608246491827,0
15738318,0.21462403341156247,1
15772243,0.24399963209698533,1
15638463,0.593947223014493,0
15598088,0.013637690327409352,0
15693468,0.20270842586858323,0
15671930,0.03101111547747675,0
15762268,0.28318630334207445,0
15780954,0.034193436997006506,0
15700174,0.1466847120167736,0
15635728,0.028222967183296456,0
15679283,0.06370995042506017,0
15591386,0.034211969636130435,0
15694192,0.05201202354621442,0
15585901,0.768246524103926,1
15792329,0.12715126441251215,0
15635597,0.012852643808760646,0
15775880,0.016326225091940982,0
15630913,0.1722591884905524,0
15756680,0.08063609640803193,0
15587913,0.052834868609936435,0
15737605,0.2090325581005655,0
15627876,0.5847801796883648,1
15772601,0.04476889060477527,0
15758606,0.4587027497180887,1
15657107,0.5698928161531202,1
15622454,0.04357085282992299,0
15775803,0.024298179552331333,0
15570859,0.030832891798722752,0
15748381,0.08705924040134222,0
15787189,0.9879293472660298,1
15666055,0.7243856941150413,1
15617648,0.09377512655983672,0
15755678,0.5884183778599699,1
15624781,0.02532809123391608,0
15779497,0.15661074749203802,0
15567399,0.38794743799194714,0
15613656,0.21453164764462743,0
15734311,0.01735089995016693,0
15657214,0.009463645243641452,0
15799350,0.10089330147743192,0
15729970,0.12360512302737299,0
15725835,0.08604771730666215,1
15745543,0.026709993105891425,0
15727384,0.5190210942703535,1
15666916,0.07483658985122509,0
15732917,0.7552273326107334,1
15612050,0.3383909265180298,0
15726267,0.03312789228223317,0
15780124,0.017700761623120585,0
15742238,0.08425971862309069,0
15679024,0.07953970322483211,0
15715297,0.20373043430085408,0
15633612,0.06800647856580998,0
15602929,0.24538875296021276,0
15696703,0.049495171395351145,0
15756668,0.04439140663461195,0
15565779,0.20734783516013092,0
15795519,0.11998967314971341,0
15761477,0.07368340968333854,0
15731890,0.12749033530999423,0
15633043,0.29061347421765316,1
15752953,0.09917618824418996,0
15603088,0.017751937085239308,0
15606613,0.9303923255151474,1
15635939,0.0446734949477746,0
15666043,0.031281288080974204,0
15746190,0.026245184433416717,0
15591357,0.28004585623516687,0
15658716,0.9121631310229923,1
15679909,0.029372941736102852,0
15634262,0.05259353793142272,0
15799825,0.05895181146703127,0
15756875,0.05745387928315283,0
15678146,0.2079797483168817,1
15710743,0.37078829401722674,1
15595831,0.3117148103600604,0
15626684,0.14281667485542382,0
15709846,0.17712956741220762,0
15635459,0.0912360158749818,0
15642544,0.015318586583879046,0
15566494,0.10217687788514916,0
15655238,0.023937362144885763,0
15733429,0.09540184508201623,0
15814536,0.05354283814272368,0
15771702,0.05938986403069238,0
15723008,0.15305686887474265,1
15797160,0.6181381624787414,1
15792222,0.1038692590321441,0
15644765,0.13419920456683043,0
15610686,0.8949890424788491,1
15730868,0.024404750579443343,0
15705991,0.38745195710752284,0
15577078,0.14323181649696806,1
15679550,0.018473737471292263,0
15787655,0.14469551399754685,0
15668081,0.11449686692103948,0
15747980,0.03853920304358081,0
15710295,0.2237811558739102,0
15724443,0.1462450805396369,0
15571305,0.38801190874667596,1
15569503,0.03202603072663602,0
15581840,0.01787061800078831,0
15772262,0.22657336855875063,0
15767794,0.06736118850520582,0
15629338,0.24593138863977076,1
15790379,0.1449300360157173,0
15750684,0.43528913633316124,1
15697214,0.03247675394686457,0
15711015,0.0197380903307954,0
15573309,0.11068579413691847,0
15805303,0.6237863303222547,1
15741385,0.49194459065758067,0
15780254,0.3373739481014109,1
15744843,0.08103541326961136,0
15815626,0.07206203102979843,1
15784736,0.43036795546006135,0
15813412,0.9080306946045849,1
15809143,0.11724735807630575,0
15617617,0.0268742475040207,0
15779738,0.07948019945257573,0
15668669,0.21645597258539803,1
15687477,0.1390991086512408,0
15578908,0.04551985720431528,0
15687658,0.5811932630598463,1
15615020,0.09742328857743078,0
15608886,0.027971996833408362,0
15602551,0.027578871473723923,0
15672945,0.12269127244704293,0
15757408,0.9823494374969766,1
15806132,0.25407829580444596,0
15813022,0.39824342312229977,0
15673578,0.1418196323513383,0
15757916,0.027908730514210774,0
15689168,0.0442671849352107,0
15769216,0.5736739626287389,1
15593295,0.23177160653983822,0
15804814,0.030923056756432154,0
15778934,0.11177386507764094,0
15802351,0.057632837746874305,0
15630241,0.4752300518558969,0
15719561,0.48669268299719487,0
15615096,0.01866007466213026,0
15659931,0.9610791084541858,1
15714586,0.18472962930272022,0
15634949,0.018714065311001147,0
15589224,0.025030542781737813,0
15795990,0.6371451928417187,1
15603216,0.01516364883815092,0
15631201,0.027497942788981395,0
15686255,0.24603971865810495,0
15746594,0.1735320217045499,0
15718893,0.9659345356817366,1
15671609,0.05613997993252183,0
15652540,0.012399651970508878,0
15774857,0.030952032665860565,1
15791836,0.017654114191126544,0
15651554,0.705902563494922,1
15583576,0.0939751455714965,0
15732740,0.2957653570049841,0
15723320,0.09975301514364261,0
15603851,0.9240890189202676,1
15777923,0.11987098691126385,0
15735719,0.03234972432095631,0
15703482,0.06941113269792137,0
15605835,0.04362863788212529,0
15664881,0.07459683003218678,0
15757568,0.4141689548127946,0
15792660,0.11398988236777668,0
15599722,0.13093130199661418,1
15726354,0.12918550711207208,0
15610355,0.33996797591994915,0
15704284,0.9378737301439742,1
15621893,0.0538088645642944,0
15588219,0.07562929273537441,0
15688619,0.08701260270138439,0
15765518,0.642023636070831,1
15616931,0.15348492618844814,0
15758372,0.010827509407098371,1
15782591,0.09243103684691997,0
15612109,0.02995043379695888,0
15613712,0.01949039355969349,0
15639322,0.04163213624215395,0
15594349,0.2793987061602024,0
15574167,0.04533794478094417,0
15811842,0.015056541841722603,0
15648794,0.7625868296354182,1
15771211,0.06890090574199594,0
15588614,0.9117403053840865,1
15630698,0.3688281199075408,1
15694200,0.2814544845988277,1
15721426,0.9749691920179757,1
15725997,0.1327854197314694,0
15762138,0.03867087190135138,0
15750649,0.06993157178532444,0
15685706,0.1836178340210762,0
15641835,0.023597521524007053,0
15586821,0.01907757073676504,0
15569678,0.13738797997603783,0
15793842,0.1429787526860213,0
15667554,0.017494922511936635,0
15794479,0.020242310778074788,0
15585041,0.015452039580615133,0
15780650,0.17194541951489012,0
15780846,0.03049342873627068,0
15805260,0.9461435453702072,1
15621629,0.059895848537649475,0
15662151,0.20266856913294784,0
15747174,0.11874264111442061,0
15651585,0.1669436047620957,0
15649738,0.11898288151640643,0
15633108,0.08151751881903617,0
15769254,0.09652168840848081,0
15704746,0.03052602594678593,0
15637644,0.01693374734801391,0
15609562,0.47259526706089916,0
15787459,0.18105553752546302,0
15762902,0.037233903634453475,0
15738605,0.5922236347835256,1
15724889,0.12457396091760728,0
15730735,0.040319046525903804,0
15689147,0.06215582897234036,0
15730397,0.12249142557750155,0
15762169,0.11416124665144342,1
15589320,0.09142620434110875,0
15799211,0.18493512030177992,0
15798310,0.03923780944790463,0
15609998,0.9590760043696823,1
15583548,0.5353869186071555,1
15761763,0.09064890610546154,0
15764409,0.07221641554774869,0
15710161,0.01864310351256001,0
15735246,0.6291712841479176,1
15791700,0.986315511147936,1
15670753,0.08237134178830187,0
15573876,0.14697191426804496,0
15770174,0.10805092400371087,0
15641114,0.05897187575819301,0
15682435,0.04420305818541409,0
15751788,0.04852383796410455,0
15672598,0.06252475896708642,0
15762803,0.01915416490235509,0
15812982,0.22938894172835342,0
15597901,0.09016826623114275,0
15731507,0.20934025408330903,0
15809826,0.5315964612334014,1
15764237,0.019796366190989654,0
15769917,0.6715505228755049,0
15641850,0.12751290171596502,0
15770974,0.09449484335430161,0
15803749,0.13880694464520144,1
15684999,0.02351336538591781,0
15770225,0.015092176939957142,0
15627484,0.5751482636857075,0
15610337,0.10092609377189384,0
15752488,0.06874904214487647,0
15610056,0.08287620666684278,0
15806049,0.8755649809238192,0
15736069,0.3797863250872885,1
15763662,0.03804072652459875,0
15615575,0.011841538146278465,0
15691723,0.6970763207364065,0
15774098,0.1049035800678861,0
15750808,0.10843602945758359,0
15744368,0.14916236157155313,0
15610594,0.036214027771416885,0
15756125,0.11988624784657963,0
15623277,0.022198732865726118,0
15795954,0.1742191160796091,0
15671969,0.02140484729532922,0
15791268,0.13637427919143483,0
15713655,0.029658688441403926,1
15633930,0.8432595878153365,1
15712849,0.5966161436761319,1
15639077,0.9348456535123033,1
15808784,0.017976109469531987,0
15648577,0.19244730949073385,1
15670345,0.5009487912488657,0
15633112,0.15615502491919997,1
15714397,0.07918896130524511,0
15780038,0.1518257878684356,1
15756305,0.04726257168085382,0
15578799,0.6144998752674986,1
15800326,0.04028994262712741,0
15785485,0.4062975871012719,0
15783958,0.0798658923511785,0
15727546,0.016265060821874743,0
15739576,0.013178563974185747,0
15631333,0.09569080976937643,0
15604782,0.16753256526241106,0
15589643,0.2655675837535156,0
15585533,0.05745824199494188,0
15681506,0.05841702420111994,0
15630551,0.058525118829826535,0
15698349,0.03247675394686457,0
15776631,0.09599721619797873,0
15762216,0.10814093477395434,0
15623927,0.07600081497484304,0
15681402,0.501106069174259,0
15586264,0.3200630573472133,1
15594685,0.2687046045136249,0
15812945,0.12249287858766297,0
15734628,0.03255951182184249,0
15629323,0.21610264876254803,1
15666823,0.051650053832233,0
15777553,0.8609849036878051,1
15613097,0.01977779239594186,0
15622217,0.08657968751442817,1
15703588,0.045639783457550556,0
15570835,0.6528974848836374,1
15679299,0.06599526840457245,0
15808044,0.9837288912867219,1
15579208,0.2007360924819399,0
15684951,0.8071161153327959,1
15667620,0.08910340273113587,0
15582960,0.08648604023542249,0
15590730,0.020174418055076058,0
15763747,0.016197523237529585,0
15778320,0.5195186235588479,0
15642787,0.1138218924976392,0
15624633,0.16931576826335468,0
15766765,0.21247020799725072,0
15783615,0.9816181823147994,1
15640161,0.12679009387693144,0
15619889,0.20204474714706017,0
15579166,0.10436253872907482,0
15789097,0.07771322285007566,1
15674880,0.15624136545559997,0
15778157,0.04469026280426696,0
15779064,0.010362257394573733,0
15801265,0.5917722740400488,1
15589204,0.0838628333306289,0
15664543,0.1751778842856063,1
15582714,0.6151479935780544,1
15797595,0.1154223685464223,0
15614034,0.07947071971911852,0
15763171,0.1442883637443166,0
15647266,0.5628178096144906,0
15757577,0.07183346726135367,0
15736656,0.12308318353578164,0
15635078,0.17762595038461138,0
15680141,0.0840189848396882,0
15576945,0.10326701648361986,0
15602034,0.12655537400234632,0
15732020,0.3866087937704483,0
15611029,0.22520714509462256,0
15621210,0.5407919462469051,1
15569222,0.055127037691955455,0
15664639,0.0842813464441149,0
15724223,0.9177116298740674,1
15644621,0.22528856292726704,0
15756056,0.03815229719456939,0
15700353,0.03602711051408194,0
15624388,0.48383312923908445,1
15627212,0.11155963823563422,0
15648005,0.017577184814911252,0
15681446,0.2709088203398897,0
15775888,0.14366048718076713,0
15749019,0.199351366673611,0
15709928,0.06134751992665537,0
15784676,0.3343240703636785,0
15748116,0.05998169358056802,0
15612193,0.04090401652488413,0
15762984,0.022361390909435667,0
15613713,0.0711020407906304,0
15664204,0.014161010670779722,0
15639415,0.0899736516199244,0
15806332,0.05366963066258101,0
15614929,0.05889102845326988,0
15695492,0.13979100825075774,0
15635972,0.02826814048437766,0
15616380,0.04152177377112038,0
15581440,0.3202521099557516,1
15654390,0.08899742061279517,1
15660688,0.0451192509819839,0
15806307,0.02198267075939724,0
15647975,0.18625859369774844,0
15595728,0.4771541648696862,1
15735388,0.05930030811888356,0
15788535,0.46562366070045863,0
15765902,0.04278115794186313,0
15642345,0.8146938069188187,1
15641250,0.4538257296813074,0
15706163,0.7693262644231378,1
15746708,0.9510042131566322,1
15775203,0.37041225255736926,0
15787907,0.9537769246025956,1
15646764,0.8857510578598924,1
15678284,0.7741341463348506,1
15726791,0.3798252992839613,1
15813144,0.04841424881602994,0
15669342,0.10360970215914109,0
15710366,0.37752353283385703,1
15614934,0.32368660035181984,0
15588701,0.03181988828966615,0
15665438,0.14401961615577147,0
15644896,0.16853854121077042,0
15670205,0.5066527582275088,0
15635776,0.2090949052083939,0
15791053,0.7566667871192428,1
15644005,0.01898073764773415,0
15796343,0.06644767394748871,0
15751057,0.1954824149012271,0
15623430,0.016546594601528783,0
15682600,0.25959673670120503,1
15769312,0.09389063295350171,0
15708212,0.8565494645183723,1
15650258,0.1655928313103843,0
15604345,0.11142083040646267,0
15578297,0.7785891384874364,1
15671789,0.02829452303561071,0
15726186,0.03738912746194766,0
15764618,0.18919177986426647,0
15730738,0.013928737833147992,0
15637650,0.18784851977289999,0
15606267,0.10344133374103134,0
15625904,0.033215031803792525,0
15654463,0.016166443266016534,0
15774151,0.4341306926760193,1
15693259,0.03864260499409782,0
15642468,0.05898362188882942,0
15758531,0.07953430293758255,0
15728352,0.08509486743936134,0
15637240,0.22412646105097492,0
15595588,0.04445497671948449,0
15778395,0.06519011604655571,1
15711825,0.08345420856417159,0
15599251,0.04267172433078566,0
15570004,0.016892933195891576,0
15656912,0.3878697926892388,0
15657342,0.1996913429615036,1
15716284,0.0362629338408572,0
15672374,0.7130246070691003,1
15732476,0.022805540559881522,0
15747724,0.1985061409577576,0
15633877,0.15242344447682007,0
15672516,0.46927830237111784,0
15607827,0.053507150529152454,0
15751336,0.012718187390269654,0
15646539,0.07581963951105446,0
15756901,0.03853103047758175,0
15809286,0.10927917752462903,1
15759021,0.173854376347397,0
15725039,0.05682924335722992,0
15579130,0.6756749011281301,1
15754112,0.0657261883853409,0
15735522,0.11926870592438768,0
15613326,0.06896478770536395,0
15739502,0.07371974700951607,0
15670914,0.028305003143391103,0
15604073,0.1497674852132639,0
15806027,0.9051659720512331,1
15574886,0.0505782577261471,0
15707120,0.372086994233171,0
15800845,0.082459830916419,0
15603914,0.21017933208006517,1
15722765,0.3212561647196262,0
15783305,0.5445314175183925,0
15574842,0.1740663232732651,0
15607837,0.078173231725731,0
15714877,0.026157070359689418,0
15782941,0.014820683732909937,0
15630167,0.10890361857922884,0
15759038,0.15878036324995626,0
15661821,0.7802431713928948,1
15728006,0.3814424709365461,0
15712176,0.014343567930038327,0
15689351,0.48602421709395344,1
15782247,0.5282416814671721,1
15769064,0.3983010278044127,1
15718153,0.046940150786878944,0
15613189,0.8467942904566698,1
15661734,0.14529802151708296,0
15592645,0.024079991324676833,0
15768387,0.032983489091524695,0
15792525,0.6206300357576329,1
15586976,0.5282903074218789,1
15790659,0.04928193135455384,0
15691446,0.013850935439629635,0
15772632,0.01983236077556724,0
15706587,0.11364212046184313,0
15572461,0.09754215876929655,0
15654409,0.09905960294037676,0
15568025,0.2528102112989576,0
15715769,0.039554146730039194,0
15667458,0.2326788957603401,0
15567980,0.6523192641079586,1
15679294,0.3049830319972737,0
15606507,0.017737573448240798,0
15578825,0.14345515269666226,0
15619935,0.20100508058812624,0
15636089,0.8936279923887395,1
15727490,0.4041886299653407,1
15591766,0.08370215565833244,0
15641629,0.0439837644295579,0
15813303,0.012463713394645942,0
15756920,0.8436127323988742,1
15726403,0.4770256886866408,1
15592765,0.11172463796628652,0
15704442,0.981603163007534,1
15641136,0.01448288976148182,0
15725818,0.3727856602130063,0
15612071,0.06608400377578451,0
15719809,0.07719365732623881,0
15716518,0.034789137479167995,0
15742210,0.07785357912888638,0
15630617,0.19727949324661864,1
15720838,0.07144989062802644,0
15595537,0.293907439143714,0
15623196,0.06019790685350504,0
15679249,0.985703888717498,1
15693199,0.08153673413687933,1
15661219,0.016130837594284703,0
15617136,0.18565263863555512,0
15760294,0.24825200462456026,1
15652808,0.20360272210699917,0
15657139,0.07364602797895502,0
15803790,0.05597095271484155,0
15764105,0.6976202960951935,0
15672610,0.18093882114936627,0
15766896,0.025269881800765042,0
15587735,0.06581946005807791,0
15659501,0.11152875540603154,0
15745001,0.03177264657976689,0
15651140,0.19768230950298293,0
15571148,0.0306623046519195,0
15776824,0.053174210607621224,0
15633141,0.22091858772056705,0
15764174,0.030947049873839245,0
15778155,0.23970617908875028,1
15715920,0.03558063322576288,0
15671917,0.1919025684461866,0
15666548,0.9925931994112496,1
15625623,0.1016511347104982,0
15748123,0.012111779500085821,0
15648735,0.029527983835603285,0
15634974,0.9495491461218336,1
15713378,0.022736820086492724,0
15753370,0.382488932953484,0
15782659,0.13391384729214187,0
15583364,0.1109232781179979,0
15625942,0.21583304320936803,0
15720284,0.42299276646796713,0
15679642,0.03128236081876803,0
15628007,0.016826078150945833,0
15661974,0.22288717061521715,0
15689341,0.9753739338456792,1
15607993,0.3465792866737046,0
15693267,0.2710316340165712,0
15769522,0.2882124100169361,0
15755825,0.033882408922268584,0
15598175,0.10131989750905483,0
15744327,0.30335566484815985,1
15798666,0.021859416098202095,0
15577064,0.11099165566115865,0
15759436,0.9463471202094642,1
15690231,0.09667724913367787,0
15751561,0.9436595057303643,1
15739068,0.04898422874052497,0
15758056,0.023834458508210404,0
15742269,0.022881603205395736,0
15726490,0.42570706685121745,1
15738411,0.04094908857135511,0
15727919,0.028962302850320826,0
15709396,0.018817519016871637,0
15654106,0.03019297081885159,0
15621653,0.09778966457178337,0
15598086,0.6075817344333801,1
15752300,0.5146915249260067,0
15658693,0.07413770693992403,0
15631838,0.11785475285812116,0
15803804,0.3836658436636177,0
15578809,0.1188650750992792,1
15752026,0.40748930462588234,1
15723706,0.11666251092651397,0
15752838,0.01689079520460128,0
15569571,0.39901441993884534,1
15769703,0.7704637970327242,1
15679770,0.9651075139438972,1
15791102,0.8639910824731828,1
15655192,0.01660747911482053,0
15709487,0.03771083862987206,0
15687130,0.33678232201845715,0
15755178,0.9650358530260812,1
15634772,0.2213280564257215,0
15617197,0.1095631899134685,1
15631240,0.029358172549722995,1
15784301,0.0430039619967108,0
15631310,0.5447252280413326,0
15756560,0.2914628182113926,0
15732270,0.41620527656799083,1
15739357,0.1056820511038531,0
15771540,0.12251540085217719,0
15567486,0.04957150549991221,0
15714634,0.020458153081887427,0
15727021,0.10285671544648545,0
15650670,0.15803148807354345,0
15711834,0.21589683922467565,1
15729763,0.050233980406128594,0
15646566,0.36500506407441047,0
15645463,0.016471202883686767,0
15672144,0.15021258939929646,1
15596088,0.2445870081607327,0
15614878,0.09953032718839278,0
15635240,0.038120843703802,0
15775905,0.6272990900765466,1
15700657,0.5667726663932366,0
15611905,0.22216338430254162,0
15652527,0.13702201408216994,0
15785865,0.10043373017951127,0
15645942,0.01865051475665235,0
15688691,0.6088067913937882,1
15592736,0.9302769543920253,1
15673529,0.04780292191987973,0
15724145,0.15625336912401805,0
15704629,0.05304339878906042,0
15597896,0.9006703579333162,1
15731790,0.2783505817124712,1
15634719,0.021290984045057377,0
15703205,0.18425676682751377,0
15567333,0.0302604844018397,0
15754537,0.2973289878545478,0
15612030,0.012508419863424545,0
15573242,0.21035972873468772,0
15601892,0.014771275691811336,0
15663885,0.09886358343562587,0
15701096,0.27437719542312733,0
15710450,0.05785852524449641,0
15790846,0.19761335466326133,0
15658956,0.030607958354304188,0
15755223,0.5164221908756874,0
15787318,0.8143826579490601,1
15737310,0.07866211341530696,0
15763665,0.05207354171792907,0
15668818,0.2746183173980285,0
15765812,0.08189284038966774,0
15704844,0.19063920312374058,0
15744582,0.7378246094528086,1
15616700,0.04699631211145838,0
15683521,0.0636759235507917,0
15583049,0.16511199670305557,0
15643752,0.07937062507794741,0
15620398,0.052816257486638415,0
15715707,0.027272128691442243,0
15814209,0.044945252316300005,0
15733768,0.07129327125113173,0
15755242,0.4172046491972725,0
15729412,0.0735212228865287,0
15746564,0.1336838078863766,0
15588446,0.01991003418782937,0
15665221,0.025700417244724823,0
15640846,0.995603898993767,1
15700209,0.08231433245330506,0
15658360,0.0490780211093966,0
15602735,0.9723639490991848,1
15724834,0.027412306483818913,0
15800062,0.6645964146627138,1
15685300,0.044168869465518505,0
15760102,0.32474222012441006,0
15787026,0.03106575253770657,0
15653696,0.02635214777354076,0
15788946,0.11288690567556003,0
15600724,0.21029289039712523,0
15574324,0.07573566646147706,0
15707144,0.018356556365266518,0
15775891,0.6174129489817264,1
15711789,0.5137893950440644,1
15600879,0.0896434464660804,0
15681196,0.07258048919689152,0
15716000,0.07869401933998353,0
15766776,0.2689769938308208,0
15680278,0.31596085397065893,1
15688637,0.02809410723926172,0
15591179,0.013213042663806986,0
15677435,0.04669253207015952,0
15698619,0.032761667289738255,0
15581036,0.18631209957377004,1
15622117,0.03374062898492556,0
15599301,0.12007263417660058,0
15581548,0.12050924304407531,0
15586870,0.0862991020704185,0
15735263,0.20280010720483152,0
15765322,0.02867067378871228,0
15582944,0.09391600682247582,0
15687162,0.6078335073760195,1
15644962,0.04934022708408202,0
15612615,0.03471149814532379,0
15813439,0.06635808300880167,0
15604544,0.04062588020291427,0
15761348,0.04683227390435253,0
15785078,0.1547581315013877,0
15759874,0.37939284568933446,1
15643658,0.5060332809305734,0
15713267,0.020206072809841477,0
15737782,0.1073130180825978,0
15815490,0.901171831462237,1
15679410,0.8944916166428238,1
15756241,0.21139413162229956,0
15688409,0.5519755381236318,1
15742272,0.3792195064005959,1
15717898,0.06699552615954182,0
15769582,0.012088194567579978,0
15635660,0.21330300216501516,1
15576723,0.03397447878074269,0
15591577,0.05390217005875334,0
15582325,0.7449027554894465,1
15693947,0.04522173968327377,0
15760446,0.30038848533832424,1
15611105,0.014975195451078643,0
15630920,0.036867868570909644,0
15574910,0.5686440574773397,0
15756472,0.08269108013880098,0
15682890,0.025754779666664767,0
15641994,0.6167692153813213,1
15733297,0.19010937636998523,0
15767793,0.04071233213257095,0
15725698,0.09312724018607572,0
15813532,0.04350168631825935,0
15576760,0.0363141940637735,0
15732102,0.060107640584937894,0
15739046,0.05080069313051219,0
15631927,0.03853656923855813,0
15672115,0.038106249524988096,0
15618765,0.455770740932429,0
15679148,0.1339390620190562,0
15728474,0.1389515226770177,0
15636999,0.18310704318140333,1
15754261,0.04734944708193349,0
15629150,0.044849712326651775,0
15736274,0.018661735966316727,0
15627697,0.014695901974903438,0
15721585,0.0679179156944347,0
15639946,0.9190383604795639,1
15792176,0.14878137550509252,0
15699450,0.061245686266637026,0
15729954,0.6220189126113193,1
15600103,0.16093888396164113,0
15786200,0.018456013566795885,0
15797010,0.030328356221847163,0
15670172,0.10780262983256078,0
15627352,0.7636461156513022,1
15622494,0.013568246732511356,0
15585835,0.05851371935672633,0
15595071,0.04166382525388111,0
15628203,0.15399111113176997,0
15667190,0.06847308196995723,0
15780212,0.18368250211935255,0
15766869,0.058568560888383574,0
15775741,0.020424336592888153,0
15628170,0.19350764007407842,0
15701318,0.0722288113659905,0
15710928,0.2742877142923074,0
15682547,0.06770739075350551,0
15631170,0.05314181793717395,0
15648702,0.0795795959517952,0
15783444,0.11691038343614528,0
15809178,0.542389055853093,1
15806688,0.9530830685682244,1
15576824,0.9698018197278727,1
15675422,0.08213532061977896,0
15681550,0.13822314062428892,0
15812628,0.39311569044397976,0
15597951,0.22449265904209662,0
15807045,0.19063085257053017,0
15581748,0.2979770671250284,0
15770420,0.10167755789114814,0
15608230,0.015045293979824272,0
15730339,0.07129539835336117,0
15712584,0.015438603054426233,0
15592816,0.8819000648192814,1
15641480,0.08423252551610107,0
15708505,0.040007062368226876,0
15791131,0.30505309465702934,0
15618225,0.11037854219873305,0
15644724,0.03266711381052493,0
15662098,0.9075631517930596,1
15723894,0.38425832150254896,0
15787699,0.14533632698490184,0
15687738,0.047456881811622845,0
15576126,0.1730765103760503,0
15658889,0.09133737752095318,1
15667046,0.10802369135690436,0
15669957,0.49869697857546136,0
15655794,0.01615184858804786,0
15599829,0.027383799974027918,0
15753332,0.9613036039498465,1
15671124,0.05058935415377962,0
15767474,0.9681859219467657,1
15720671,0.04818177311891831,0
15626787,0.33731627396527325,1
15774491,0.02506108848860808,0
15579647,0.1696144742839614,0
15625522,0.01414240021630908,0
15765806,0.023803002873006535,0
15566708,0.2382851373672051,1
15668347,0.02058587355190625,0
15575214,0.18756213192969876,0
15591123,0.1654404679712438,0
15573280,0.2726243446475077,0
15589018,0.06804928583698597,0
15654495,0.6640207338568588,0
15597265,0.017949052736688273,0
15733876,0.012980577169265324,0
15677217,0.07437199222789344,0
15747265,0.08645251256432894,0
15713379,0.01821711827379634,0
15730433,0.49845661351256537,1
15693347,0.016213474665728263,0
15715465,0.15851656888106538,0
15680736,0.08822430829447571,0
15610765,0.0132201313588767,0
15650034,0.10408834241299046,0
15782468,0.22423640999725372,1
15685109,0.026709993105891425,0
15776233,0.9736735332777927,1
15761141,0.022243942835565047,0
15781702,0.13325689121396053,0
15790235,0.0388434532435456,0
15641416,0.3355058930841449,1
15775234,0.02005596092957233,0
15659475,0.04888421621064097,0
15642202,0.10430689715268578,0
15771417,0.2422475258042313,1
15585100,0.5240188744249328,1
15700487,0.872986528147166,1
15726589,0.22833245707786798,0
15747503,0.49476948309090635,1
15595883,0.3653890527521743,0
15663826,0.2369640019672082,0
15742820,0.13304578395662112,0
15624793,0.1950882182331854,0
15597930,0.7236027858712699,1
15665110,0.06635344597153732,0
15770719,0.10586980605859429,0
15731327,0.02727786053229533,0
15576044,0.15319884694035227,0
15775662,0.24507581014721347,0
15646817,0.37206325261476975,0
15596060,0.058195322433486886,0
15723299,0.25333789831386033,1
15636982,0.24802844012042766,0
15751175,0.05147771146820613,0
15618936,0.8248242625279069,1
15787529,0.21117706544162962,1
15780128,0.03649345642807049,0
15615991,0.09497899499797749,0
15757001,0.04280281431791552,0
15595388,0.019341804139610494,0
15699550,0.019021610152110156,0
15581620,0.27462400951609006,0
15600934,0.8055925734024807,1
15738672,0.14793470633833153,0
15721307,0.09865977360715605,0
15619280,0.015614920017927771,0
15768244,0.021715068641507036,0
15806837,0.19456071158156832,0
15643496,0.057449803919091304,0
15813916,0.058138348990116634,0
15626385,0.03412053342062025,0
15603582,0.23086188321130552,0
15764351,0.5132020162647967,0
15667938,0.03254395640818374,0
15576360,0.11871775880806204,0
15628813,0.376820956461882,0
15584190,0.03354934627717071,0
15716449,0.10072698533482835,0
15759913,0.05796336205276446,0
15701555,0.19849800025515146,0
15758482,0.026842783053626276,0
15758171,0.08468753638680782,0
15680346,0.26265837651927965,0
15649124,0.09002884857646401,0
15812917,0.040866421035724715,0
15768455,0.04117233769427503,0
15703059,0.6563077465601819,0
15646196,0.054737445126152626,0
15585451,0.19499916323317956,0
15714057,0.03858850211285038,0
15748473,0.021013611451431116,0
15785782,0.46978291825977503,1
15693233,0.06722647788368923,0
15757521,0.07126992054197767,0
15812513,0.6138872382171082,1
15674950,0.13021493164234973,0
15678572,0.05306238000635237,1
15713608,0.019022252378000103,0
15579262,0.3226466810975671,0
15610426,0.14832546171851443,0
15776454,0.7412944824393614,1
15771483,0.023865883870734763,0
15648489,0.6678364142217181,1
15646609,0.07777285011792803,0
15693203,0.013793222601932621,0
15813067,0.7867564994041713,1
15769829,0.11108499748114466,0
15662434,0.023562121610011238,0
15773503,0.020350706458106868,0
15705890,0.34770285506014686,0
15711398,0.022906871309790404,0
15752375,0.15321618204897205,0
15659175,0.12672384702405523,0
15597033,0.13923211411723768,0
15590228,0.0514577787670305,0
15631848,0.10977775229578249,0
15654211,0.14430324494413757,0
15707968,0.04792479063589954,1
15594084,0.020306361291884314,0
15651093,0.14278865019694545,0
15798824,0.5085521848205713,0
15671591,0.9782733280516013,1
15707189,0.27947438435895644,0
15733581,0.18911157435003723,0
15641640,0.2964159564982202,0
15585284,0.09426072319764875,0
15617866,0.045292385052886706,0
15667751,0.10761213809489305,0
15669411,0.9308060970556924,1
15789425,0.12721965266212673,1
15570943,0.21763940775660842,0
15685829,0.01994142643265565,0
15721917,0.09324850481072079,0
15776047,0.027509501870521036,0
15716024,0.030523606607691506,0
15675328,0.03400095361807336,0
15604314,0.19329581277559071,0
15658339,0.03696746241326537,0
15630402,0.14216173753099867,0
15689616,0.0926872043528663,0
15774224,0.11995056584904842,0
15701291,0.06176750926479861,0
15719606,0.13470102210926524,0
15644119,0.11553427321751374,0
15646859,0.5613952304842552,0
15606836,0.09789506192827907,0
15664150,0.0627456661682808,0
15624510,0.6192345168399541,1
15810944,0.032852706611209107,0
15668575,0.8341113928698105,1
15603246,0.043491788002336176,0
15804002,0.04816614252546834,0
15728773,0.1038198304087069,0
15598044,0.20071329783604003,0
15694829,0.07079045205139863,0
15600575,0.02554672924980381,0
15727311,0.06953984349369262,0
15570769,0.05405568396967878,0
15606274,0.049887284687510906,0
15746139,0.09543948149778302,0
15704987,0.7835676909927798,0
15628972,0.8407837148160755,1
15697686,0.030947929661929805,0
15733883,0.0186514338542397,0
15617482,0.9238922472018043,1
15704583,0.9131389257579233,1
15621083,0.12077406959045965,1
15649487,0.21511417763655616,1
15736760,0.5644712745865396,0
15714658,0.018224794180890326,0
15599081,0.5238745232714253,0
15705113,0.09741425899229318,0
15631159,0.025941266864567752,0
15792818,0.20533105558800524,0
15633531,0.01755859060946817,0
15744529,0.048003231253839256,0
15669656,0.060017087266196346,0
15581198,0.5000329024712966,1
15729054,0.095044418862774,0
15573452,0.5151293143155266,0
15776733,0.22729778429698663,0
15724858,0.9376231487890944,1
15713144,0.5452078739419352,0
15690188,0.10362538306622983,1
15689425,0.042319775989249415,0
15671766,0.16819818172548115,0
15782806,0.01863297884091375,0
15764419,0.013249273289442122,0
15591915,0.3868091873958881,1
15772798,0.020062552434519477,0
15792008,0.02836923517617507,0
15715541,0.17497456560712474,0
15639277,0.4065623957552354,0
15798850,0.01579985092351524,0
15776348,0.3848303927066606,1
15727696,0.05477435244997515,0
15793813,0.059499053704578385,0
15694395,0.04001320987138429,0
15764195,0.09939589308758096,0
15744919,0.12317210473026269,0
15671655,0.060811051465800105,1
15654901,0.5945132969871092,0
15649136,0.05408906916301092,0
15775562,0.026794935424637036,0
15807481,0.5014034816536591,0
15642885,0.03890925761891631,0
15789109,0.35555602426856114,1
15814004,0.014692727420804316,0
15673619,0.08629359079223725,0
15595135,0.3386261854666885,0
15583681,0.021873438038469993,0
15605000,0.9251900419252821,1
15718071,0.12551333231955691,0
15679760,0.20050938905733423,0
15654574,0.09505063574524068,0
15577178,0.6394369598291133,1
15595324,0.9586215313108322,1
15756932,0.022589832222945087,0
15726358,0.016942819496096377,0
15595228,0.3038615279501653,1
15782530,0.08795169892222597,0
15592877,0.16063523229876972,0
15651983,0.23484094962834387,1
15746737,0.27524014262044433,0
15774179,0.020483644168791074,0
15667265,0.08289746713294326,0
15655123,0.9206891108399432,1
15595917,0.11136640031926782,0
15668385,0.10073335880168782,0
15709476,0.042079427194125094,0
15711218,0.15459112983085455,0
15798659,0.0975563817218846,0
15663939,0.1927705676997899,0
15694946,0.017414907729996022,0
15631912,0.09324505913746275,0
15768816,0.15016956434357523,0
15682268,0.286914438468849,1
15684801,0.9120357462664248,1
15636428,0.7097053559596093,1
15809823,0.1618695659880709,0
15699284,0.5149377339184749,0
15786993,0.1523794663965767,0
15709441,0.3618730138178479,0
15710257,0.14190590400906394,0
15582492,0.11257410157744349,0
15575694,0.29766103953301454,0
15756820,0.06190874961908813,0
15766289,0.2887312612293326,0
15593014,0.044312799118976884,0
15584545,0.062254630803267916,0
15675949,0.05148851249201616,0
15672091,0.13254708491719208,0
15801658,0.24910410228242627,0
15706185,0.28896400194829414,0
15789863,0.026052291797657254,0
15720943,0.5513042376227028,1
15697997,0.08238130514385411,1
15665416,0.16075379964970007,0
15660200,0.014023412468230762,0
15619653,0.6403952111983905,1
15773447,0.15907623955550002,0
15739160,0.21148394207435414,0
15689237,0.028590333885108926,0
15679297,0.4580395272998271,0
15591433,0.10560798690584175,0
15642725,0.046637302434556424,0
15701962,0.06591723488873051,0
15811613,0.17751069077299766,0
15741049,0.013720545717737866,0
15724423,0.06514238167256672,0
15574305,0.06131316219331855,0
15678168,0.025790260537463222,0
15697020,0.14349346895636764,0
15610801,0.3815785388821733,0
15745232,0.04147519961356735,0
15722758,0.025370986320942673,0
15792102,0.17997170110215502,0
15675185,0.3507462056627611,0
15801247,0.09286955390394926,0
15725660,0.07320808731304733,0
15638963,0.08587977232488422,0
15800061,0.9314107054203928,1
15578006,0.009363930884878583,0
15668504,0.06841722708608379,0
15687491,0.6211697012551267,1
15610403,0.12683515521897729,0
15741094,0.009738362171119267,0
15807909,0.14677301363076187,0
15666141,0.043465488056807215,0
15617134,0.02913999033958706,0
15783029,0.030594703656221557,0
15622833,0.06856228399200447,0
15746422,0.3191214165738751,0
15750839,0.08485695654128826,0
15749130,0.05191269317070334,0
15779862,0.19635999712229743,1
15767871,0.08369221627176433,0
15679651,0.08896088630332342,0
15576219,0.015729106616610374,0
15699247,0.07586300041892834,1
15619087,0.23914091936084095,0
15605327,0.018634914680551232,0
15610140,0.025315213832456867,0
15791174,0.10850281249402792,0
15602373,0.08402664046850962,0
15762605,0.17729449111155726,0
15598840,0.051617860183252026,0
15744279,0.07144305530657444,0
15670619,0.02572173111903064,0
15599533,0.04971784337769328,0
15757837,0.036802427222280255,0
15697574,0.5406149523426428,0
15578738,0.06161263500748475,0
15762228,0.05163284616338541,0
15614827,0.11053033386991691,0
15789815,0.02910172705610843,0
15579781,0.19552313858998355,0
15587013,0.04879807493707054,0
15570932,0.06343397265311274,1
15794661,0.018695305392223326,0
15581654,0.011234715029917958,0
15644296,0.08791943705623119,0
15614420,0.08236900463370404,0
15609653,0.7200171261586268,1
15594577,0.019585853208606306,0
15584114,0.07975744561331889,0
15673367,0.20941523586223243,0
15685576,0.027574176200038863,0
15774727,0.12707153593911608,0
15694288,0.021275057731241942,0
15603319,0.043791016996850354,0
15759066,0.5851666547323146,1
15814816,0.22503932351224923,1
15724402,0.026510844575526524,0
15571059,0.9367349902590139,1
15674206,0.01747086560671268,0
15715160,0.024705160755613804,0
15730448,0.06619882382409609,0
15662067,0.18105553752546302,0
15779581,0.12624810909457976,1
15662901,0.01835257141152385,0
15689751,0.139575178725669,0
15667742,0.10090509032834648,0
15738448,0.08526396902698344,0
15680243,0.06363132142806023,0
15745083,0.9348881753091756,1
15708228,0.22154885529758195,0
15628523,0.03408100767076251,0
15708196,0.21423117055631982,0
15735549,0.04339267672205309,0
15809347,0.22030981470872993,0
15660866,0.021796207524489603,0
15766609,0.24886434186360318,0
15654230,0.21251120805213533,0
15794566,0.021235511992790838,1
15800890,0.11244501167850733,0
15697424,0.11375085831779762,1
15724536,0.023084135163091043,0
15735878,0.8455968463235226,1
15707596,0.26587331369073497,1
15657163,0.08378601357720893,0
15622478,0.9431426605230153,1
15779529,0.02625992989629207,0
15636023,0.3903926187465747,1
15582066,0.08049376523641104,0
15666675,0.1280752361152616,0
15732987,0.3050861965416416,0
15789432,0.024230329964465832,0
15663161,0.8632715124097672,1
15694879,0.03865633920764145,0
15593715,0.23112544218844278,0
15575002,0.07644173657733853,0
15622171,0.023488356502826116,0
15795224,0.3253106997907921,1
15685346,0.09260796394225677,0
15691808,0.21256828421341242,0
15721007,0.24906002963325277,1
15794253,0.035017798341867266,0
15694453,0.0974765416614207,0
15813113,0.9271770897323284,1
15614187,0.17181086597393527,0
15619407,0.08135530391576941,0
15646227,0.06838043118105658,0
15660541,0.07561323667733773,0
15753874,0.0754602852991753,0
15617877,0.044321478230991286,0
15772073,0.6103121713837437,1
15701537,0.32628420534738023,1
15736228,0.12988536745277823,0
15780572,0.02021233123894387,0
15769596,0.10762844730407997,1
15586996,0.021851929501160376,0
15722061,0.15302616930128402,0
15638003,0.3661698452431212,0
15775590,0.6775729486313247,1
15730688,0.04896302588783896,1
15753102,0.3803291133849725,0
15810075,0.07845714995853842,1
15723373,0.11112952157116718,0
15795298,0.06673383662271523,0
15584320,0.19104855886619265,0
15724161,0.978958444141786,1
15750056,0.07689906854281432,0
15609637,0.07415371146771527,0
15794493,0.015163498908723035,0
15569641,0.5572918495083656,1
15815236,0.019931620233192355,0
15811177,0.15599034541982573,0
15680587,0.11318678197701948,0
15672821,0.01415329296323746,0
15767681,0.013777577406785651,0
15600379,0.06355317590926465,0
15801336,0.236606969100359,1
15721592,0.049002467728347564,0
15581282,0.3096933990055335,0
15746203,0.5544975982332229,1
15583137,0.2420668002953375,1
15680752,0.5026656800865017,1
15688172,0.027300691264646706,0
15791373,0.4328766773890542,1
15589449,0.892145107030206,1
15692819,0.18589188562889125,0
15727467,0.034036059335597245,0
15734312,0.03573501736357671,0
15764604,0.9140070906419574,1
15613014,0.08003859811860146,0
15759684,0.12392139195504791,0
15609669,0.07104582716991653,0
15685536,0.021642250574292126,0
15750447,0.9001792456559438,1
15663249,0.1563282869080702,0
15638646,0.19837714740682974,0
15734161,0.05734635741282909,0
15631070,0.4269156206413407,1
15761950,0.6690772672192535,1
15649668,0.08118261369057846,0
15713912,0.3012268109695115,0
15586757,0.06705792780612078,0
15596522,0.05471253746059864,0
15625395,0.0645078456144655,0
15760570,0.018275782413377902,0
15566689,0.02291569334811183,0
15725794,0.8126924545552919,1
15673539,0.1056907055832816,0
15705298,0.1108831272632645,0
15675791,0.04420305818541409,0
15747043,0.026222897982856787,0
15736397,0.053994920860180255,0
15678201,0.5116866501603277,1
15720745,0.061425051611329495,0
15637593,0.020167023816265298,0
15598070,0.11434476908228394,0
15787550,0.01580268712818081,0
15603942,0.9398966785601216,1
15733973,0.3454308538675894,1
15596761,0.9564993199487783,1
15652400,0.22227931626583886,0
15717893,0.24017712834889418,0
15622585,0.055959600519433716,0
15733964,0.37938150964063705,0
15753861,0.08581037232048615,0
15747097,0.14394888382069412,1
15594762,0.3255472963680911,0
15667417,0.08797682165768031,0
15684861,0.03273148546688862,0
15742204,0.13364146829153878,0
15623502,0.3175109915350717,0
15774872,0.020266532048155914,0
15611191,0.13784732534030567,0
15674331,0.07335518768975573,0
15619465,0.0293104005826842,0
15575247,0.0151296474895388,0
15695679,0.10600471463179333,0
15713463,0.5072247223812434,1
15785170,0.1691079122865357,0
15796351,0.08492317083210528,0
15639576,0.08013238201098649,0
15693264,0.019341804139610494,0
15589715,0.8889443823323309,1
15769902,0.01752068344301666,0
15587177,0.08814167205337468,0
15814553,0.045995354877962226,0
15601550,0.07917450004716708,0
15664907,0.7328641429584476,1
15612465,0.025166757598565154,0
15810800,0.15108402742434615,0
15665760,0.016214060629230694,0
15588080,0.8669217263464108,1
15776844,0.023887344053552608,0
15717560,0.5346502017357181,1
15629739,0.13684682257859124,0
15729908,0.3879686928113502,0
15716781,0.10731968448730513,0
15646936,0.0836738546295856,0
15768151,0.6797537836332619,1
15579212,0.9040259179533653,1
15721835,0.11102936794998344,0
15800515,0.10859676283020007,0
15591279,0.07309859788396494,0
15587419,0.060884517331702,1
15750335,0.9539043181789998,1
15699619,0.07549672774388635,0
15606472,0.1771609622257366,0
15778368,0.838164303531581,1
15671387,0.05654479164596577,0
15573926,0.0562252709781917,0
15709183,0.2567832810914927,0
15577514,0.2584185944623484,0
15778830,0.01650056340780756,0
15768072,0.25472276408876143,1
15768293,0.09238087143822574,0
15654456,0.682830473591868,1
15807525,0.05730844699752123,1
15574372,0.05623857953829487,0
15671249,0.04087056137550228,0
15779744,0.0348631496273438,0
15624755,0.5861632509350184,0
15611430,0.8796200138287106,1
15774744,0.05716521364476465,0
15629885,0.09693359743730111,0
15708791,0.08754926645512665,0
15793890,0.5053391963456262,1
15646091,0.21040979351592867,1
15596984,0.15026762939852498,1
15800215,0.014023005259970387,0
15577806,0.6799637526291304,0
15749381,0.16863469671495124,0
15683758,0.22289596913380375,0
15670615,0.024356155528161918,0
15715622,0.8741480283056751,1
15707634,0.04724133090458413,0
15806901,0.135889988662025,0
15775335,0.38145700203466915,0
15724150,0.24787200645412874,0
15627220,0.8193344753553193,1
15672330,0.017789472365372958,0
15668521,0.015869983402120945,0
15807837,0.08747437018792296,0
15592570,0.027419209321538157,0
15748589,0.025907478290087507,0
15635893,0.02159569076656474,0
15757632,0.1527004394673884,0
15691863,0.029532904353234864,0
15706071,0.4158964997064794,1
15654296,0.2921475638836028,0
15755018,0.11845577371184182,0
15594041,0.20661075317451624,0
15670587,0.1021903903767028,0
15724527,0.013859332306411254,0
15801904,0.6261601700731552,1
15658195,0.056227020575054076,0
15630113,0.07527348299056409,0
15784320,0.3494077963250474,1
15676513,0.2290041536517174,0
15574072,0.45547609617566526,0
15633854,0.05594847459994119,0
15618566,0.03173558046868081,0
15733014,0.14246435034776983,0
15753343,0.08918172422667162,0
15746076,0.19558299766852325,0
15608226,0.028526427176333857,0
15605684,0.10476010105952424,0
15638988,0.06338437066735088,0
15628767,0.15651159811473994,1
15737977,0.020719933819733242,0
15758116,0.7152518656269432,1
15575119,0.019861160863729615,1
15625126,0.04858129410535489,0
15567114,0.08188026436533602,0
15672242,0.07478595312810173,0
15681327,0.012551443403924643,0
15802585,0.1715456286127341,0
15740630,0.026423784231838873,0
15815420,0.2116822901274178,0
15711468,0.020659507554345802,0
15799626,0.6725399785165986,1
15659325,0.017763278140404872,0
15651352,0.3661726484700962,1
15684925,0.05055089046301597,0
15657439,0.010481373191455427,0
15574122,0.08303729873936677,0
15720508,0.09054698936162413,0
15599078,0.4225749799866811,0
15702300,0.017440697069077506,0
15660735,0.03718790111267725,0
15671390,0.020906854964874693,0
15647385,0.808114683482772,1
15739223,0.021158331963345427,0
15631305,0.06684253820573868,1
15809263,0.17786516648643003,0
15640866,0.14070652951302812,0
15775663,0.23845758028376374,0
15631800,0.08424623475051979,0
15654292,0.07518427104580341,0
15648320,0.09437206697317,0
15726747,0.12959781555061603,0
15694510,0.40401648607142804,0
15572291,0.15022819292968465,0
15603465,0.32364694380854353,1
15685628,0.03056632673161069,0
15792729,0.26015372921067703,0
15767414,0.037049607844632876,0
15568044,0.020310527357449145,0
15751333,0.030232759397732983,0
15623062,0.05509657756216733,0
15713621,0.05450980807774397,0
15670668,0.025675824704756222,0
15750638,0.31979860904099355,1
15747878,0.33011016719896097,0
15726796,0.06156824237075277,0
15754952,0.3373721808072889,0
15652192,0.053597472704596735,0
15681924,0.3284927043560661,0
15763544,0.1440625722804268,0
15764431,0.9546557398650709,1
15684010,0.13330463136165277,0
15648881,0.390179601684047,1
15733303,0.024477136086948716,0
15643294,0.12773429475728593,0
15749905,0.7197579077597738,1
15625175,0.4757903961125703,1
15643967,0.1529538555107526,1
15578251,0.12589968781051597,0
15772573,0.25575266384019385,0
15733234,0.44931512405942864,1
15721582,0.07342008823962984,1
15628219,0.28497100981141754,1
15571302,0.07526841289143797,0
15637178,0.06953917774059695,0
15601184,0.03402999835748837,0
15629511,0.5058776233309005,0
15570629,0.04317198390372051,0
15665766,0.10257527165331337,0
15693732,0.036543672411564414,0
15765982,0.11283610227771303,1
15582016,0.056645458272510094,0
15798024,0.05225029771298153,0
15588622,0.12414605284063313,0
15724863,0.9218027399216264,1
15618213,0.06659454067471593,0
15780411,0.1559870310526797,0
15725429,0.11343508282168405,0
15600626,0.013933899146387568,0
15668460,0.016922651712354013,0
15576263,0.20032881029696817,0
15720354,0.039735685228196115,0
15691624,0.03810573016212332,0
15793196,0.02988619816929162,0
15633352,0.21492728406390843,1
15750874,0.05088118228676568,0
15588923,0.1094779734274637,0
15715745,0.054484440136006666,0
15611800,0.1873797711277781,0
15576928,0.22835178941182024,0
15793693,0.2659328626932816,0
15581252,0.1329753991853853,0
15797760,0.09838743860208111,0
15790564,0.1227095211970796,0
15593736,0.8234391906957834,1
15595937,0.09048886235241603,0
15815628,0.12769180889951345,0
15782802,0.13548715355903954,0
15627412,0.033127071509677045,0
15734609,0.02818715074785206,0
15710689,0.2039918166511384,1
15565806,0.030725551639511822,0
15815530,0.4757290679016796,0
15632272,0.05460902016649212,0
15684103,0.017194728482461678,0
15654519,0.012151181606474142,0
15767722,0.09387608042306857,0
15654346,0.06041505516041131,0
15660147,0.08878965030613578,0
15814998,0.035038108032103714,0
15802207,0.17401259414500586,0
15658668,0.14942535645463312,0
15715079,0.1630250816087028,0
15570360,0.03308016594106799,0
15674678,0.6453455681721467,1
15780925,0.053006129115024246,0
15688193,0.1178228932222022,0
15778219,0.14727409722933396,0
15696514,0.6237155543575623,0
15712303,0.058284019287453796,0
15719090,0.15798485791322525,0
15735632,0.19416515306806495,0
15619436,0.19768230950298293,0
15722404,0.025305817120310832,0
15662063,0.0453515190126387,0
15745605,0.3421314881480652,1
15636658,0.022538878773579612,0
15784130,0.09116069542561316,0
15606755,0.15930824517264777,1
15801699,0.03166249220842499,0
15784097,0.09146034836667288,0
15764654,0.0653939171578775,0
15612092,0.25932969470188144,1
15610903,0.10433523588462244,0
15705777,0.340856558986862,0
15661936,0.19235701022817875,0
15700864,0.02769720004866703,0
15722965,0.2630847139127531,1
15737521,0.12726182858872478,0
15814465,0.06505193544859299,0
15580988,0.012219891183069022,0
15789974,0.17529875034342543,1
15713370,0.1676537816317566,1
15748673,0.038402040653626957,0
15754919,0.046610537786198974,0
15641662,0.17665573934285125,0
15813422,0.10891727965199695,0
15713596,0.339556168026993,0
15791216,0.7404832707862027,1
15689031,0.12464580461637563,0
15763704,0.1104386484201544,0
15631339,0.2138576104363957,0
15771509,0.1808940329550132,0
15769586,0.1341644165085548,0
15656096,0.10744548859706594,0
15585280,0.027785052665847104,0
15743582,0.06695746337956338,0
15761692,0.06513272784718856,0
15627840,0.31844813614344036,1
15778861,0.08177477111210582,0
15770554,0.036538067388655435,0
15806956,0.3257278679111124,1
15701908,0.2845876226524148,0
15736990,0.0855395204219047,0
15743714,0.3435127500527329,0
15807993,0.3157354202573779,1
15644686,0.04214138245930018,0
15677377,0.018426012515113204,0
15626412,0.02107478810786139,0
15643679,0.01781530076874548,0
15728456,0.1585916208426347,1
15630661,0.11239803537770356,0
15734044,0.11529874520306616,0
15705001,0.176922496504179,0
15809817,0.059422300039536906,0
15809137,0.3655462740483989,1
15751593,0.14053672619627175,0
15626491,0.2835757209171719,0
15765461,0.1894204354020991,0
15568120,0.09336868208402492,0
15787161,0.7147949841214807,0
15812324,0.012632709083129995,0
15588944,0.8386453966891526,1
15694253,0.06831312472145692,0
15759566,0.00542871086898646,0
15675675,0.07723651820388687,0
15802060,0.09267502697800381,0
15660505,0.7569854171492852,1
15782630,0.10654681928630114,0
15700710,0.11350851558831006,0
15742834,0.2165277279491455,0
15806511,0.052803227864853836,0
15608166,0.05938409513074629,0
15614230,0.019724726573264895,0
15729958,0.12644259555286927,0
15800814,0.05738348658248453,0
15674727,0.15797208292897386,0
15657779,0.007249180408225714,0
15801395,0.07472473135441624,0
15757911,0.24406901905293074,0
15665340,0.028800185747895887,0
15787151,0.03167893725216054,0
15757821,0.016825883731723973,0
15600688,0.04852704497081712,0
15594878,0.36611604906857226,1
15569248,0.16269217289671312,1
15812706,0.27239109322082883,0
15645045,0.02904851757380482,0
15766746,0.16961773562759755,0
15700383,0.04926751926677271,0
15632551,0.034359642758912574,0
15795129,0.024625628726160646,0
15650545,0.05411467674943835,0
15612769,0.06202447662386271,0
15710853,0.02870914335360739,0
15623712,0.6002535060021884,1
15653251,0.7887783378131479,1
15755077,0.2157862973248671,1
15808557,0.3139541323892034,1
15614687,0.1724723557375962,0
15626882,0.07427023046753523,0
15748034,0.08088865792507179,0
15632324,0.0431970711625389,0
15761023,0.7257773040858828,1
15761453,0.3178947376825069,0
15646726,0.45126218648040656,0
15637169,0.0696556741769535,0
15636024,0.0653498207923047,0
15801218,0.24884097565835192,1
15642655,0.11808536538719919,0
15690130,0.08876157802115749,0
15653753,0.29469792572366343,0
15641359,0.03308349242615099,1
15776827,0.11167539972853863,0
15647725,0.9897045850405917,1
15648455,0.8627942624759259,0
15580629,0.18709137549094323,0
15730161,0.035246489501798546,0
15626612,0.1793346154399667,1
15662865,0.017062011471657614,0
15629094,0.16231797575205303,1
15651823,0.8434329196483368,1
15594827,0.019688486853366906,0
15786392,0.17599550371123784,0
15727353,0.822964263788798,1
15733777,0.44584769265514407,1
15614302,0.11194174932162608,0
15723263,0.16272430588104517,1
15687270,0.11696126264269424,0
15803121,0.5783296383409704,1
15598700,0.025050586369311803,0
15741875,0.11202075610796187,0
15631709,0.07104297396580496,0
15672970,0.014928656594060483,0
15761670,0.7810108636547862,1
15706005,0.5390416964115206,1
15790336,0.048166531064077964,0
15754267,0.05860558580216936,0
15791988,0.01444471311563277,0
15683375,0.14390445423588838,0
15625151,0.09375826078295435,0
15635285,0.013901774939286987,0
15574296,0.04034481287946669,0
15711618,0.5453365912449497,1
15670943,0.06873496745752908,0
15634359,0.34098651798263047,0
15586629,0.01758579050718907,0
15588461,0.17660667686025622,0
15773221,0.3187588673774493,1
15664227,0.07764301208434947,0
15741745,0.031130565865277526,0
15652626,0.7525184823552299,0
15599410,0.024282816808345733,0
15571958,0.25846468057449573,0
15785406,0.6693799913540514,0
15687884,0.07230860415897654,0
15621685,0.03568388741221424,0
15628886,0.22179875222253514,1
15699325,0.5589426506975431,0
15578369,0.3963364279430094,0
15654156,0.13778257245228373,0
15707199,0.10672186467627658,0
15671630,0.44433416788504465,0
15632079,0.2588816227241652,0
15767921,0.03126443413697619,0
15573599,0.16956664578230726,1
15747208,0.6735924826347216,1
15582762,0.07773695208283832,0
15772528,0.37231023412868675,1
15755798,0.08964497030253864,0
15788683,0.27635300307681915,0
15616922,0.022323706059483764,0
15771855,0.01778127453984105,0
15601873,0.24131558201735914,0
15657868,0.33217462423517813,0
15711716,0.9012713734729226,1
15734246,0.027167898721423504,0
15792151,0.03686810223039662,0
15770159,0.029495556569738138,0
15747649,0.13791926000511642,0
15639357,0.9494319128390349,1
15738907,0.8709242070269689,1
15663446,0.3995383582360644,1
15750867,0.8015351401899972,1
15715939,0.07157752077911525,0
15763806,0.023494319532828507,0
15637993,0.056007146802621637,0
15720338,0.15517465519849521,0
15627162,0.21590431560209913,0
15596710,0.060144173128512717,0
15781678,0.024510978829924968,0
15634968,0.2509273818780297,1
15609475,0.11289229217004644,0
15573319,0.12153557739844872,0
15738291,0.2867155018075327,0
15782456,0.1555688349648076,0
15794841,0.15755258956372586,0
15684696,0.14267840984948657,0
15629846,0.3733055332460472,0
15674442,0.08658468400470623,0
15571689,0.03029620903916978,0
15730469,0.026014924094692093,0
15809320,0.9004575160918179,1
15684367,0.019956416257858964,0
15793049,0.8425743467779478,1
15603665,0.20800397498286483,0
15613623,0.2632785503773368,0
15569572,0.021679062140954622,0
15698791,0.3960594115935282,0
15626233,0.024365289463031566,0
15607263,0.4771647768188292,1
15610900,0.8353233640511593,1
15624775,0.09657250637041694,0
15691703,0.32063366969892537,1
15745355,0.10122193989781854,0
15724955,0.027919844411958637,0
15628999,0.012068522893101303,0
15654341,0.1262436762138371,0
15744240,0.4538243901629055,0
15632365,0.07465239658036556,0
15729689,0.061809359577632596,0
15759284,0.19560000882354397,1
15602124,0.017730910580566594,0
15661903,0.47453014257367604,1
15664668,0.24273650986401038,1
15736431,0.016393345089931614,0
15748639,0.06944240837967303,0
15628123,0.09241131855604265,0
15602731,0.15051875375275536,1
15794137,0.275911395916302,0
15748696,0.13098771466398898,0
15725068,0.01956253443474427,0
15807340,0.09360637881770614,0
15586133,0.7422557215783192,1
15576185,0.012071181561109512,0
15660809,0.020331460148892012,0
15616666,0.37882174607213265,0
15706904,0.13455430714333766,0
15606915,0.0790914307917672,0
15749693,0.030167121978121856,0
15791743,0.0639346479056804,0
15796480,0.023125915950256613,0
15790442,0.015430801219317553,0
15609458,0.04500428918228128,0
15593897,0.029584555113419134,0
15604576,0.07886291843673544,0
15666270,0.21244243254620598,1
15572626,0.03975946860611473,0
15727197,0.7509129018723508,1
15714006,0.1080495077957834,0
15642137,0.0392103761431814,0
15665327,0.05311534821929788,0
15626806,0.0215956088176913,0
15662578,0.19213362048385726,0
15790829,0.16634979183263796,0
15654959,0.04917985335715107,0
15760244,0.03849362986975333,0
15715394,0.04327499231649964,0
15722246,0.4856151789630029,1
15609704,0.189387579265682,1
15757628,0.09174920385483876,0
15633586,0.1877606230217634,0
15565796,0.6731300560103622,0
15717935,0.03029964228144577,0
15577700,0.08235752820101708,0
15747345,0.026301654801692075,0
15678317,0.05480546702969988,0
15698335,0.09723913332812413,0
15768451,0.9150817802567843,1
15753213,0.03253108159584087,0
15769645,0.17759445911365646,0
15657565,0.14123023667394208,0
15620323,0.08977693929475801,0
15679983,0.14598181681722897,0
15812616,0.7377525252462844,1
15601796,0.02754628656652077,0
15729489,0.37447688900802245,1
15613216,0.1539204840831756,0
15657937,0.18257650204394943,0
15815428,0.09220326533862382,0
15640409,0.44413265487470316,1
15699492,0.20745510283779323,0
15623536,0.23011154292467673,0
15707551,0.0325176958236606,0
15577999,0.8702851636106559,1
15788775,0.096389884677337,0
15758362,0.12407842713306658,0
15807961,0.14424557673920646,0
15710978,0.07607003960588465,0
15703541,0.6523427092316509,1
15626474,0.02512491564241457,0
15608344,0.9144486029530055,1
15768367,0.2539744681395444,1
15806210,0.04131355453697327,0
15697702,0.020508206988502083,0
15689152,0.11616746261068615,0
15568573,0.7980737598391462,1
15689598,0.2869104226145646,1
15713374,0.1284555619092237,0
15679733,0.08645153314056071,0
15759274,0.14614467769398995,0
15607748,0.10800511245303215,0
15607577,0.13303230212710565,0
15813697,0.20267229837759404,0
15801125,0.15902913201454494,0
15777855,0.04975620182487261,0
15635396,0.32596038625740487,1
15698031,0.17896604267327942,0
15678944,0.27730478363526107,1
15718507,0.22449210276107406,1
15808334,0.06598364573196082,0
15804709,0.27265775639868595,1
15645835,0.013668783974723923,0
15738166,0.20416796446221794,0
15675360,0.10942584822739433,0
15793042,0.04875521539629144,0
15630106,0.0188946199589143,0
15810385,0.09454565735495733,0
15578211,0.012832974376270703,0
15572792,0.07079595997688264,0
15620030,0.11043993175704263,0
15783541,0.019234263220408464,0
15679284,0.48934869607520864,0
15582910,0.14841013047173707,1
15688337,0.08758172616070233,0
15734970,0.12291032473855915,0
15759140,0.06686842721687776,0
15643042,0.15615111791928563,0
15773868,0.18508767866779652,1
15615820,0.18778087928075685,0
15730273,0.15119896887790377,0
15724890,0.04070822087085663,0
15765952,0.12459543281167075,0
15685920,0.14402367118947737,0
15663263,0.19139175567772537,0
15568953,0.03163437096342012,0
15643361,0.06099836521544549,0
15699486,0.07178428882082671,0
15747854,0.4096128410924868,0
15691785,0.913878086821464,1
15709004,0.039193669586309036,0
15652218,0.09831519886264392,0
15697127,0.10700344449082218,0
15658486,0.20947166377047727,0
15694160,0.028442614940979345,0
15685290,0.36409625173934523,1
15701042,0.17413759575826435,0
15680449,0.6437955639576356,1
15599860,0.07938762856254951,1
15723169,0.10154747886033125,0
15803842,0.30639482288314035,0
15728224,0.10818736907510973,1
15644174,0.18376489048134884,1
15707110,0.046795861304959385,0
15765415,0.37312357225860193,0
15756751,0.39648297898880186,1
15795151,0.1576874935196822,0
15632859,0.01704779001270361,0
15584037,0.9691657425435005,1
15621409,0.0818684695112296,0
15581102,0.02555503855751343,0
15578096,0.08614486575814995,0
15669887,0.5162120301366782,1
15621834,0.11573295376014207,0
15655341,0.12262147813479517,0
15685314,0.014399148149143877,0
15653997,0.09168706369207151,0
15629551,0.30325406792530984,0
15651264,0.8460900033407687,1
15760825,0.06655338192932142,0
15597394,0.13818175747692374,0
15740383,0.04383978630928037,0
15670562,0.04638177019381689,0
15698117,0.19422359183934457,0
15694805,0.07490303452493743,0
15746802,0.08168991120583147,0
15589428,0.045094848400835476,0
15790267,0.20917608873689358,0
15665402,0.017563708423171755,0
15642093,0.01718108377157375,0
15666181,0.07424853631658415,0
15602554,0.03399367905803069,0
15724251,0.25557499059598177,1
15740147,0.4248032630424587,0
15718289,0.537986637092575,1
15763148,0.2041041432055354,0
15685245,0.1563523866466551,0
15626985,0.1289104673736996,0
15585823,0.08232996191135845,0
15728167,0.3074116558678257,0
15762928,0.4973514188660411,0
15751774,0.0192900969692768,0
15654733,0.9464750675513333,1
15809777,0.5791195882077779,0
15744200,0.20346203502481786,0
15720713,0.017466627424317704,0
15695356,0.12268437688059633,0
15653315,0.04564436091086716,0
15604792,0.09469847362336589,0
15704819,0.10244477681938585,0
15670859,0.09150243332515014,0
15602797,0.9704829841729404,1
15662533,0.037623418795753795,0
15778154,0.6692388559211065,1
15806230,0.13276793636796955,1
15662884,0.5916949163100678,1
15750778,0.966840523663282,1
15717185,0.012529582817935215,0
15677804,0.5406183634095824,1
15568915,0.10049101875669804,0
15736495,0.08183553393916425,0
15737354,0.10853249459046714,0
15667889,0.04209510681361426,0
15577831,0.3007701887492909,0
15729836,0.01914221536289624,0
15775293,0.08984962907818163,0
15697597,0.03655621673624016,0
15639669,0.06075701968533003,0
15631392,0.067922324962486,0
15580935,0.07074611532873552,0
15590344,0.035391180606078314,0
15653306,0.17485180828516764,0
15805025,0.22827027057315516,0
15658449,0.25276885594286896,0
15694450,0.17737724929595744,0
15605666,0.07696061734336308,0
15615126,0.04966857596481501,1
15726588,0.03861498516432963,0
15645095,0.19346174983910372,0
15808960,0.16118418910435311,0
15729435,0.023905797297021317,0
15656840,0.05859052693915824,0
15659149,0.04308686088678472,0
15585490,0.1409294188405891,0
15674929,0.026018258047901283,0
15746341,0.023106310660245266,0
15662091,0.05178580454307574,0
15620123,0.14132559791136165,0
15616240,0.02085542322842432,0
15624186,0.1658135928000678,0
15605036,0.08618785890783255,0
15805151,0.043012027599883464,0
15753847,0.3473125691018167,1
15653222,0.0948448622751385,0
15757541,0.07055312118883739,1
15726945,0.021262766815955174,0
15794276,0.35088053906373595,0
15568328,0.018996003573983886,0
15604355,0.10892923311489008,0
15735788,0.012794849933680451,0
15618255,0.8859450952349305,1
15720941,0.049888736453645346,0
15769110,0.14913196855753935,0
15576094,0.07455660194212496,0
15756150,0.0446951603563412,0
15719579,0.029261121288267404,0
15748854,0.2313658758678685,0
15612455,0.4995154484814923,0
15664802,0.04659498785922052,0
15735687,0.10643072812686039,0
15664734,0.05798523499639419,0
15767894,0.02563951837694022,0
15666884,0.07164215940301664,0
15750156,0.9644650642004595,1
15751120,0.1800944525842305,0
15575748,0.034293858135144004,0
15714610,0.015127298655930104,0
15720305,0.2537818359303146,1
15678129,0.3640897485608692,0
15566633,0.1762227802925832,0
15680436,0.034641386156002284,0
15674343,0.0895203069241137,0
15658890,0.19221549622098108,0
15599004,0.13333206281567858,0
15726487,0.10188715782913897,0
15698716,0.7078809060806156,1
15710527,0.18060525900988206,0
15655590,0.1907798852589823,0
15732266,0.8755153056752198,1
15669326,0.1518697434132905,0
15672246,0.35789659508257665,0
15620276,0.30545887968399504,0
15640258,0.19894321858559186,1
15740283,0.012115497233013986,0
15759717,0.043406149443655485,0
15620268,0.41548246574780845,0
15743871,0.5932390989172216,1
15614491,0.061975068012509425,0
15595047,0.030310799119218974,0
15732334,0.05309662221766582,0
15701206,0.06611921830736944,0
15581280,0.09252376228567377,0
15651943,0.05363644368674432,0
15609545,0.07396385848122591,0
15658548,0.12272125139516288,0
15626008,0.7263585774525189,1
15774133,0.1421308580279841,0
15763798,0.04399718771286609,0
15758013,0.04687501857548687,0
15705765,0.19193762373144646,0
15648362,0.4024243502125809,1
15761102,0.11915713488237455,0
15610165,0.014247207603703498,0
15723717,0.4911381574216162,1
15654611,0.04715870870363761,0
15659736,0.9145477370476811,1
15603170,0.11197733705990859,1
15786167,0.012873293392284327,0
15671915,0.04669098312556165,0
15794792,0.07260022779449053,0
15652789,0.020066625104893487,0
15739168,0.0951767935973607,0
15719950,0.13763094266477113,0
15743818,0.12760303801597322,0
15717937,0.602127439811911,0
15602841,0.01611260183205536,0
15619972,0.6590012658156926,1
15796114,0.11219643113458588,0
15633546,0.0878746185635819,0
15758755,0.07031410623732014,0
15695168,0.027103887203829974,0
15754342,0.41991335940954433,0
15756610,0.4057996772925632,1
15640917,0.03736132933444066,0
15663164,0.9529539419014815,1
15616811,0.251647518687293,0
15610781,0.11588293081879297,0
15600911,0.1259004810289322,0
15629603,0.01414645747503392,0
15714981,0.13032680920910314,1
15775892,0.14966434434076026,0
15782778,0.018838929427575188,0
15786643,0.012063738999910987,0
15595657,0.2754867754388039,0
15743673,0.045657972403839994,1
15634310,0.02755729689697764,0
15790809,0.2581004168351376,0
15668695,0.11282155805998285,0
15669281,0.10362238114120051,0
15621031,0.018535901318843893,0
15720071,0.7766910695264374,1
15792180,0.08006147362933703,0
15813894,0.021200198157307705,0
15669490,0.07267876676504366,0
15783030,0.37347200806078745,1
15695792,0.1219433955573078,0
15575676,0.010594146429794797,0
15627665,0.5721176822754218,1
15814092,0.4983230407903835,1
15695225,0.014631574845030379,0
15615091,0.01226274318634801,0
15794345,0.01811437108043694,0
15726484,0.06675129218517661,0
15650442,0.17921685717329677,1
15714256,0.053011403425384095,0
15778752,0.01565428872198996,0
15601659,0.8914379721830213,1
15602811,0.052199613082313204,0
15779414,0.0875360269542393,0
15763097,0.004831773108121135,0
15633666,0.10698103263131048,0
15718789,0.017232327002398,0
15690620,0.24769503752142716,0
15737071,0.14480878906264935,1
15665062,0.03233693966892638,0
15600692,0.029828420604632894,0
15792064,0.908497986797922,1
15811486,0.07802412727258008,0
15626141,0.0442923043299594,0
15738546,0.056967397455282745,0
15677052,0.08457176062213134,1
15656454,0.14215648755477847,0
15645496,0.424572661998619,0
15612505,0.3039263228962118,0
15708513,0.3104559407804875,0
15685654,0.029588155080359686,0
15732307,0.11847241952490709,0
15726814,0.06765305999346252,0
15653776,0.9948355943612456,1
15597914,0.9897222495030394,1
15631603,0.044458880437935375,0
15789753,0.10946991585882763,0
15678034,0.8282407187871887,1
15690209,0.09468418269485841,0
15592091,0.03217436778744336,0
15647453,0.11770585819972064,0
15697100,0.8688953205529147,1
15811290,0.4428688455098427,0
15629187,0.1384998904038232,0
15758073,0.08184049782775964,0
15640769,0.10513464807936043,0
15606641,0.9440420063154947,1
15718280,0.09278269961517564,0
15764335,0.17010140611322982,0
15634218,0.05903260493707397,0
15808760,0.3191291788937327,0
15648461,0.03250089740382559,0
15593555,0.021565317233352064,0
15569079,0.7917729540669857,1
15800736,0.24172445916496768,0
15792607,0.03274157268494208,0
15640034,0.222725067310476,1
15807563,0.8992937556081882,1
15684461,0.27105534513205787,1
15580134,0.06495840015095325,0
15679075,0.11227173104478828,0
15742504,0.04524876974715906,0
15567328,0.1122837843228607,0
15698294,0.015041865533054227,0
15607142,0.08914691288088565,0
15738516,0.25799915056334477,0
15806403,0.02448405904219527,0
15656707,0.04334278252765464,0
15653715,0.06191385945403922,0
15806184,0.014719575225757165,0
15585734,0.06438910177998844,0
15725639,0.2400671089379438,0
15618401,0.10602271639423115,0
15785385,0.24905035521705882,0
15734762,0.9849283116332482,1
15767129,0.2348587217529738,0
15797204,0.039478557383127874,0
15769272,0.133980312850685,0
15771966,0.16201559048174918,0
15691952,0.049125663923094726,0
15593250,0.02188936433867765,0
15605333,0.13939916695287188,0
15800083,0.42970996736758754,1
15575691,0.08026850652466552,0
15689886,0.9486441736027416,1
15809838,0.018135625709790017,0
15736154,0.059221433926569624,0
15767391,0.05996753984201431,0
15704910,0.021733512430224144,0
15656613,0.1147480464126066,0
15611551,0.16183229312335673,0
15732430,0.7497761923156598,0
15741865,0.08940988218409827,0
15634143,0.13581959114602063,0
15609676,0.16042993204261485,0
15761600,0.13805467775544494,0
15676404,0.8196196231119491,1
15659236,0.013067407421643522,0
15690440,0.0836375280234295,0
15694601,0.1224398651233493,0
15812262,0.33177824963949265,1
15762821,0.015091468329341566,0
15669301,0.21620445025830962,1
15672640,0.07526122070545094,0
15750458,0.042278372359576065,0
15627251,0.05422321580624815,0
15764294,0.10802628314038175,0
15659962,0.05587656090118783,0
15788536,0.12412355014024205,0
15596979,0.10437333901787742,0
15681220,0.027155457872952798,0
15635097,0.04854432117718742,0
15780779,0.05169050575689774,0
15798470,0.7223325622291237,1
15760880,0.015984190118527117,0
15616929,0.19412273589425466,0
15758775,0.03270867416497384,0
15663386,0.028585213958441654,0
15621267,0.14957700573454463,0
15720509,0.055360651884635965,0
15693322,0.24784856470676572,0
15589544,0.09871420062002621,0
15772030,0.01567891035978743,0
15693337,0.0740038610220857,0
15676571,0.8761582087409185,1
15701392,0.01676209035664185,0
15741092,0.07780608116593662,0
15643865,0.22750408606596376,1
15769389,0.5732704426267592,0
15807768,0.08002350313220712,0
15801630,0.03306520252492347,0
15705034,0.020047544815417283,0
15763107,0.14845916399023476,0
15667085,0.01298225009631322,0
15647008,0.9458202574485358,1
15584505,0.0658561234637655,0
15748068,0.03102122928473679,0
15663964,0.02423060344538552,0
15782311,0.01510508382715957,0
15588197,0.02059173208234126,0
15610105,0.05056750051695701,0
15606133,0.027987325010499258,0
15599403,0.11926785097459495,0
15648225,0.11295018760250553,0
15608406,0.10271991627808844,1
15633378,0.26116689092841955,0
15664759,0.03638928736891564,0
15625545,0.35471183577238546,1
15772148,0.16079675823963915,0
15810829,0.6722550106097834,1
15731669,0.13884272101337766,0
15738634,0.2815957190654231,0
15737571,0.08734843384507499,0
15667602,0.01950082247416956,0
15684147,0.10582966693088205,0
15789874,0.043231255680891,0
15757952,0.7923305043701363,1
15698732,0.873311547342574,0
15714355,0.15644078967505884,0
15599090,0.34220967127906554,0
15762048,0.033398085249355655,0
15790596,0.04755058120485796,0
15609623,0.9292646841116572,1
15711901,0.1948476229618781,0
15779809,0.20887967663207552,0
15729018,0.08607981452704369,0
15698246,0.018460717617696562,0
15712409,0.04353450035564696,0
15758306,0.01298225009631322,0
15621435,0.20810188207984365,0
15566295,0.06526388249447763,0
15569098,0.2607092416084367,1
15662532,0.03024395206346326,0
15664001,0.8889183495601364,1
15703437,0.02199729332867955,0
15708003,0.11323393263208485,0
15599452,0.3082452462656244,0
15719793,0.051297033114829735,0
15771580,0.06576023037440458,0
15732268,0.08391062240820085,0
15722350,0.21476997639296744,0
15611371,0.20356813696545265,0
15673584,0.01625880457037122,0
15636396,0.04016298187666977,0
15706170,0.06020621816504195,0
15725478,0.04909298411845388,0
15654562,0.9674993463760653,1
15737509,0.23956946913041516,0
15690796,0.22500436079821529,0
15716728,0.06084056104803736,0
15605665,0.0475290024995947,0
15748481,0.18089356060389034,0
15757777,0.0357564611291436,0
15747808,0.06408894597910568,0
15810593,0.8129771135246067,0
15693376,0.4237210449771895,1
15579808,0.3295297253352106,0
15598275,0.026219541763867538,0
15737080,0.02712434848538476,0
15668580,0.013808675063773047,0
15569438,0.09159151560656957,0
15675842,0.07943338883742686,0
15577587,0.6241852551533306,1
15625592,0.012441426149638274,0
15635141,0.8838522754754798,1
15642570,0.021689525344849102,0
15702175,0.04770282785923423,0
15677785,0.09230577517703692,0
15786153,0.40077031656636225,0
15759499,0.08098481073356541,0
15659568,0.0489883785022709,0
15715597,0.11699441264974524,0
15610147,0.056382959181152964,0
15802362,0.08894174963066616,0
15660524,0.6889336441160883,0
15747168,0.7339286334095303,1
15796910,0.9372297728991069,1
15707674,0.8694823261871619,1
15565706,0.1294290205368796,1
15587596,0.1950767276183955,0
15751943,0.08851973852772134,0
15621227,0.4112105661831644,0
15757588,0.019752764472773535,0
15640922,0.4646366100714222,0
15567557,0.0415673992923963,0
15670103,0.12420055509161754,0
15720929,0.9237258253180614,1
15732774,0.10740642592897233,0
15628558,0.18392151742811236,0
15729201,0.8634684968386831,1
15731117,0.06871175575375416,0
15615207,0.5009168553255163,1
15773512,0.19963074827209287,0
15572145,0.02781882724879941,0
15642710,0.015061018413760754,0
15574213,0.4171614820790305,1
15718852,0.17477996211253005,0
15583840,0.19379160129906553,1
15782418,0.09818064693528314,1
15813504,0.10067857296595585,0
15711314,0.7645366076928791,1
15621064,0.028470969533929566,0
15627847,0.26975862233144643,1
15588090,0.7318439250167846,1
15735270,0.6714662638500303,1
15671804,0.032043916382725524,0
15753215,0.033646409165033,0
15789941,0.1571653939432018,0
15691061,0.026588137579523444,0
15808326,0.020445188914416365,0
15566660,0.6769121754606173,0
15778947,0.019444795746968453,0
15632977,0.15006761806450183,0
15591747,0.017299883510589524,0
15567335,0.05192861028811117,0
15609299,0.07511673765368955,0
15669945,0.04081651721000154,0
15736271,0.28964071626917115,0
15710390,0.08806276694367492,0
15756481,0.2459835343488382,0
15736730,0.5098733156005184,0
15626040,0.1451507892020098,0
15746553,0.6560823719462349,1
15622518,0.09761974402294227,1
15684908,0.33861424083957586,0
15569446,0.07214086836280993,0
15777504,0.13528989352980836,0
15677906,0.5923132132640275,0
15703292,0.029672229521114053,0
15712938,0.049656585289682316,0
15631359,0.1371149617535858,0
15720847,0.018634914680551232,0
15787830,0.15019221437193564,0
15599869,0.12473127506356026,0
15592078,0.058163614318890944,0
15596228,0.01774148413181932,0
15578462,0.025467164338957366,0
15756894,0.09033792891255372,0
15796167,0.08492889605518618,0
15664808,0.48230076898100654,0
15664555,0.8156892855655652,1
15607278,0.21757796091473225,0
15585222,0.035094541191917406,0
15750299,0.05982064007569176,0
15761294,0.9577760001383127,1
15810454,0.05630833798928736,0
15673984,0.32010664442735814,1
15609319,0.11932366447379372,0
15709941,0.8081629191547722,1
15580252,0.16288646659731892,0
15741275,0.20534501015977014,0
15707132,0.012627675884253021,0
15600708,0.09686481009598288,0
15804787,0.018433306974745677,0
15690021,0.5795734731601234,1
15763895,0.07806555815990153,0
15623478,0.06465824026053063,0
15797910,0.6162206397530461,0
15577751,0.2259637760812787,0
15781777,0.09128541147774714,0
15740527,0.5376571539113641,1
15721251,0.1486666559825562,0
15602994,0.3401649578095879,0
15750769,0.1072913115001538,0
15740175,0.16049698746860597,0
15679968,0.13493339281591799,0
15694404,0.19249971768351024,0
15657529,0.5342088852097491,1
15762882,0.1168014135047156,0
15642579,0.11454590660018926,0
15598884,0.1749073543429039,0
15770185,0.07332386895576022,0
15800287,0.31523747721382733,1
15665861,0.1620341742030404,0
15662203,0.10498184935624731,0
15616454,0.29868578380976346,1
15702788,0.18091518139279328,0
15778149,0.3779571402159971,1
15680001,0.053305769176682866,0
15711991,0.01792643519153308,0
15633834,0.08967393246735966,0
15765266,0.016773516532740722,0
15791867,0.6610952612538701,1
15675380,0.27750499366049075,1
15770576,0.1451237912539166,0
15775294,0.029837746309798727,1
15727059,0.07322123136834102,0
15702499,0.3201912363529394,0
15611699,0.37744365054134565,0
15654000,0.2719358280262708,1
15657881,0.08550540939341626,0
15719991,0.8405529555790842,1
15720687,0.29302771961523894,1
15687079,0.4686905815747342,0
15582276,0.06206908853556699,0
15763980,0.054060108209355716,0
15720774,0.3398198242391759,1
15592194,0.023815176981817347,0
15803685,0.015325736974034523,0
15759456,0.04454301152179351,0
15611544,0.06165953528086592,0
15794257,0.054652209318395116,0
15681697,0.095300610551057,0
15579566,0.393339796813736,1
15577970,0.14564144217656708,0
15727489,0.56814787737301,0
15764284,0.26971142689131733,0
15581811,0.07581708945367716,0
15622527,0.515067298189602,0
15753362,0.054481273963032345,0
15666652,0.016757745820657737,0
15789714,0.04301907108545729,0
15771543,0.13841670386357866,1
15748327,0.07700699600899669,0
15754649,0.11671749492289085,0
15810460,0.7739606986267393,1
15771742,0.1455127663630096,1
15642160,0.02242624601555347,0
15798439,0.07511919157409779,0
15605293,0.0765662012883148,0
15692631,0.23594358826960074,0
15665376,0.11709240266834745,0
15772412,0.07862404737296341,1
15654577,0.8905083111929067,1
15585427,0.060021545692498464,0
15584536,0.41406024195422336,1
15585853,0.2834619422874803,1
15645271,0.12013387460038144,1
15579387,0.12180782167564613,0
15623107,0.8867705707103714,1
15754072,0.03923694114842337,0
15666163,0.12364230968656174,0
15765192,0.03616910749635728,0
15804822,0.02092477068958396,0
15612893,0.6101765964950131,0
15593636,0.19560861701858998,0
15693326,0.10200114837050919,0
15809901,0.02118922037015499,0
15759751,0.09131647906469222,0
15605425,0.6766407811105074,0
15801934,0.01739680401465066,0
15592000,0.7135334468017871,1
15618695,0.10473280102266899,0
15637110,0.2552197704278771,0
15727408,0.022631175153041864,0
15716328,0.06540036074553082,0
15669060,0.031751971609787016,0
15675854,0.23644320018512013,1
15621116,0.23278657651058282,0
15781495,0.037013546293056185,0
15740470,0.056745562499277265,0
15714391,0.25251285676394764,1
15730137,0.0798362836350485,0
15596455,0.767031070849317,1
15717290,0.11356100442107085,0
15616555,0.257011062392772,0
15659820,0.033970968087938314,0
15696301,0.15167691447626444,1
15771087,0.15582600625034754,0
15808831,0.012049819846120132,0
15812241,0.9479606474215415,1
15680370,0.023374166333038602,0
15780561,0.07955755589166492,0
15800784,0.11808994099419082,0
15715796,0.03454999235443401,0
15605375,0.1134247418145183,0
15621520,0.3292330106276411,0
15665460,0.04546245824923031,0
15801152,0.11294141784593387,0
15756425,0.08239379688392297,0
15674328,0.29884116059132587,1
15742404,0.019847529226348193,0
15757140,0.2951678371676216,0
15570051,0.14172456483396173,0
15669175,0.059281658488855825,0
15790324,0.09005394384321047,0
15691119,0.8315537247844826,0
15743478,0.025053481605511015,0
15707007,0.32132334929254586,0
15572547,0.6858513654768043,1
15567063,0.20749955839119844,1
15689633,0.1484431652083068,0
15720637,0.8591024785385545,1
15616859,0.9830152004428788,1
15766166,0.17299896165353598,0
15617655,0.025419354180133965,0
15623450,0.15000313602274526,0
15796612,0.0807503176451511,0
15795963,0.05625287914371825,0
15781598,0.3222976159598966,1
15691871,0.27084958346745325,0
15740345,0.3352366057228516,1
15662626,0.035534210951670565,0
15596575,0.13920295523074552,0
15657321,0.0761316801178144,0
15575955,0.044675662915517445,0
15743893,0.20032964137340592,0
15697270,0.05478865213024285,0
15644356,0.6250040700957159,0
15677586,0.07413949860946471,0
15571261,0.10069196162077941,0
15698758,0.02250702775321796,0
15787014,0.14485552137475613,0
15739857,0.033402766267995466,0
15774630,0.6956428706244047,0
15805523,0.06062129276929196,0
15749557,0.06198772922097262,0
15681180,0.13331743750846736,0
15742028,0.03438980547480156,0
15686463,0.11829085928502639,1
15654379,0.05172013186277625,0
15783629,0.21914805672497734,0
15751193,0.013661706491494188,0
15724099,0.04036668571193559,0
15568429,0.17603778446620164,0
15648967,0.9011812593257025,1
15664498,0.14297274143960556,0
15779522,0.07645022744302762,1
15583850,0.09817894040194379,0
15696539,0.04995625081515979,0
15760121,0.07270053420228795,0
15628279,0.039372256841975456,0
15766163,0.01518839428247082,0
15566467,0.06053701516651343,0
15639049,0.07940483429440899,0
15736413,0.009609445992598059,0
15634815,0.034106406377705394,0
15716381,0.6814869362764775,1
15708162,0.17715002828023518,0
15569364,0.018458351614075025,0
15791191,0.16981414325066435,0
15621205,0.07248735167484335,0
15704788,0.38054829432500586,1
15775756,0.20557436565109305,0
15641312,0.13679281462173556,1
15782531,0.03477350559969362,0
15724428,0.034416652876260785,0
15743617,0.7945860077452737,0
15585839,0.029165629493203896,0
15658158,0.245268736516586,0
15637678,0.1765486228509995,0
15701809,0.20766011469702544,0
15676937,0.022939107732408887,1
15778975,0.9748576870836184,1
15710375,0.026902069881786193,0
15579914,0.059303701919463866,0
15595160,0.021543721833083215,0
15595391,0.01659743933711689,0
15630363,0.23099060330266635,0
15692443,0.09934309107135914,1
15593795,0.9025957554380198,1
15642824,0.3409553275624244,1
15683524,0.07413004626797451,0
15713532,0.2534242165485596,0
15719827,0.19104127292159162,0
15578435,0.07399399979630278,0
15723028,0.013391160265971942,0
15595609,0.6073602931351639,0
15622443,0.015385939864314505,0
15579112,0.0929235792957337,0
15648479,0.18316306725098794,0
15659234,0.0580429837206247,0
15811970,0.04702879842088484,0
15774192,0.42643193727199474,1
15595136,0.03607831982290347,0
15630580,0.07143999197726578,0
15660646,0.08438639891591462,0
15614365,0.1774452056421164,0
15776128,0.3643135673969415,0
15787035,0.03393063208804973,0
15792646,0.1833963675454171,0
15726832,0.368629392874525,0
15773260,0.0802299573506911,0
15624437,0.01920635956645632,0
15717138,0.022669589597420103,0
15657317,0.12066198740371661,0
15626948,0.33463603287993665,0
15758901,0.7796508241269652,1
15777759,0.058974454388082444,0
15773322,0.7231584399463319,0
15697318,0.12862770954856237,0
15678916,0.356537270159386,0
15632118,0.3560330089934469,1
15788118,0.034865052974216645,0
15788930,0.0854387429967957,0
15628583,0.023597364868552077,0
15635177,0.20314385372196003,0
15587690,0.06523065768465537,0
15627630,0.059381808057153034,0
15610930,0.3580633799550091,0
15657747,0.27829640815126966,0
15568006,0.9409559677332442,1
15751748,0.59582405261472,1
15722212,0.044098185261720775,0
15658670,0.03211946406041569,0
15761654,0.05114789374699251,0
15812210,0.9724969923307089,1
15787051,0.17172263315274378,0
15642991,0.015884197909259743,0
15713769,0.14653715409286902,0
15605826,0.9364766388608634,1
15648898,0.07459138551366398,0
15705309,0.02927766298483892,0
15734202,0.7989293645600295,0
15658852,0.01540071372457324,0
15612633,0.1718722803074359,0
15604818,0.13105460224537321,0
15593900,0.16547188335027876,0
15624995,0.072121046274226,0
15570087,0.1846108403886263,1
15802617,0.2593069010325788,0
15656029,0.021382844655762203,0
15739194,0.19954710720279645,0
15607275,0.21083062962145105,1
15629475,0.02711705790157457,0
15635034,0.2609159425492548,1
15756333,0.0845262356382905,0
15777436,0.02686044463185454,0
15676835,0.013419448470864634,0
15574206,0.02481901376213694,0
15613017,0.11992360407678346,0
15815131,0.08378187794352343,0
15585455,0.018363521661324603,0
15692929,0.3039384026571672,1
15758081,0.06594301376947416,0
15667476,0.3173312837464712,0
15738248,0.049002467728347564,0
15672152,0.24069648999017706,1
15673372,0.5130158563845401,1
15587611,0.5875722981992483,1
15803415,0.09274814335868192,0
15715673,0.5897488229972349,1
15655648,0.027380481326828444,0
15763613,0.01526041312280781,0
15660385,0.026032491140253872,0
15733261,0.25395799394475144,1
15796231,0.04809612477775188,0
15624866,0.06702580575105842,0
15623730,0.08927788995050458,0
15668248,0.9663618621368545,1
15694518,0.05995412625652549,0
15638028,0.06002980428626526,0
15795895,0.11639433193334076,0
15694376,0.9883395573391087,1
15669204,0.06115809426235007,0
15773779,0.2629748222268673,0
15580682,0.08347035280233339,0
15768530,0.02346086093843729,0
15672875,0.08318287116139818,0
15617082,0.06504854442345936,0
15760514,0.2731721899799606,0
15761775,0.02353318381889497,0
15799964,0.2857316438824536,0
15693906,0.12084667333563162,0
15739514,0.01736446338394442,0
15756926,0.03358285471999892,0
15770984,0.06819422504683495,0
15703979,0.41979144220189524,0
15801821,0.02347874111660259,0
15711028,0.9242144554199277,1
15791842,0.07835802934312361,0
15746127,0.17442525115189603,0
15663625,0.027590584098850953,0
15604891,0.0374533286026494,0
15589666,0.14500197518572885,0
15627881,0.01414645747503392,0
15664895,0.02319787184483837,0
15676094,0.17027696733635939,0
15761720,0.2024903816522216,0
15611961,0.021286272645254532,0
15680167,0.0613023656693192,0
15762543,0.023260140776773446,0
15658475,0.10749711311943051,1
15779743,0.0880095976371086,0
15661532,0.05685155536490966,0
15782360,0.3546910821704109,1
15767908,0.05414283005049329,0
15677105,0.7626407764857684,1
15641474,0.4064509573747027,0
15624451,0.037027319794832356,0
15577985,0.04545470515941329,0
15571666,0.20639545462058556,0
15783691,0.18134078630758738,0
15671172,0.023386684214424403,0
15731760,0.09028709641796244,0
15585599,0.027482881434327516,0
15784958,0.9514564548644251,1
15734524,0.7612187967103714,1
15614103,0.3876301548174675,1
15794895,0.013463707936703855,0
15772381,0.256998472407211,0
15710553,0.32104952577261686,0
15649292,0.8010265703585376,1
15792565,0.0777218039152935,0
15718245,0.010044284920008195,0
15703117,0.08071212255168463,0
15758136,0.0824472592759946,0
15799932,0.01087258364402677,0
15633516,0.2873923595772634,0
15622532,0.3709143283506739,1
15798960,0.04812241130914142,0
15698664,0.12303324289114634,0
15703614,0.4718705477778077,0
15699195,0.06944068113943667,0
15710543,0.18523453595016764,1
15695499,0.15107787883351484,0
15622321,0.12326919027320535,0
15715744,0.1677861776941032,0
15788151,0.02848155772197783,0
15687153,0.7413869284774964,1
15684958,0.09501331205241882,0
15706116,0.1643474819952876,0
15740557,0.09680727772959885,0
15707291,0.2783462942094978,0
15583353,0.6469733670813368,1
15761024,0.046226483131665934,0
15630709,0.05991481706633327,0
15639590,0.1368037474966064,0
15659399,0.47933496538940196,0
15567078,0.08406886810890728,0
15696373,0.10380285393887162,1
15786617,0.22154885529758195,0
15657449,0.17494159514949464,0
15672594,0.8793937631992217,1
15714240,0.02887185697942704,0
15782144,0.02269887166820793,0
15665008,0.027772208711607595,0
15581733,0.035188295460321754,0
15751392,0.6633453647595687,1
15785815,0.03368980709464839,0
15664214,0.036867868570909644,0
15579996,0.2332782623480895,0
15675252,0.07699488951036265,0
15579617,0.1987609961208876,1
15593976,0.9552686979898943,1
15716041,0.023456037241493807,0
15654489,0.11591117833534541,0
15736302,0.0703673939856092,0
15805909,0.10235078709996145,0
15572762,0.5217458452875288,0
15724632,0.06233242303634966,0
15670416,0.4432737223730812,0
15749528,0.05345694990353237,0
15578783,0.11310518264245835,0
15580719,0.01583324780050026,0
15656293,0.02203184350569623,0
15691875,0.32238300527415836,0
15596870,0.9428883486731333,1
15780770,0.05105863106484481,0
15751491,0.8192581892025934,1
15706200,0.1232819645879921,0
15808674,0.9778618712159404,1
15641411,0.058132565680091154,0
15764661,0.15794587610072958,0
15689492,0.03353189610875632,0
15602405,0.3229692126404622,0
15610271,0.26315824055452103,0
15791780,0.966614536036094,1
15589147,0.15670339775699363,0
15756975,0.027771881473326904,0
15729582,0.5923484238831034,0
15742971,0.14162154474698338,0
15568046,0.12016694594441825,0
15694890,0.09213309384784872,0
15736963,0.037486845895692344,0
15646490,0.21310444384809768,0
15607314,0.6273828814929989,1
15576745,0.11696582632683179,0
15669606,0.017299883510589524,0
15737832,0.3669248155735662,1
15681990,0.09277889407505305,0
15758050,0.023263159266556855,0
15787848,0.04201880015094633,0
15713594,0.1025319771778389,0
15588186,0.45786168414502754,0
15786739,0.06045952450596341,0
15699467,0.38100652073424385,0
15680706,0.8034611457095702,1
15645717,0.057742636808227506,0
15748597,0.2182949876679828,1
15773709,0.03755668084553533,0
15629787,0.032921856305440304,0
15661007,0.09591402724748699,0
15686812,0.42415329605926994,0
15754113,0.03684432831952422,0
15749489,0.2716392116822451,0
15574352,0.09863603243087488,0
15701281,0.013196754323016107,0
15811985,0.07204226038315227,0
15713505,0.015217286934878616,0
15685653,0.09657208595370316,0
15758831,0.14633004078086845,0
15618774,0.8936388979624389,1
15764448,0.16694654292442004,0
15611024,0.06673819954434125,0
15738220,0.020896117874152447,0
15805764,0.01527898337190106,0
15580487,0.09898289582254395,0
15675787,0.07927094419840094,0
15583580,0.4494438280399675,1
15780654,0.06256377053509708,0
15695034,0.4247101670779294,0
15805671,0.08498487498448908,0
15790658,0.11770915708203322,0
15578648,0.6271312624698966,0
15734987,0.11697607795210975,0
15721740,0.6135965716675846,0
15641822,0.02230959705339512,0
15765650,0.47150581272216785,0
15788556,0.16243980166187733,1
15576550,0.3576743109586144,1
15622230,0.02548552145447093,0
15653937,0.9404321228528154,1
15743538,0.028118341272320553,0
15591740,0.12047302048187877,1
15650086,0.09835652558077747,0
15718773,0.024841104367930696,0
15615140,0.05834961814012733,0
15644361,0.27042190099928226,1
15774536,0.03331115557356954,0
15618661,0.05302640650949048,0
15605020,0.1992086748334939,1
15762134,0.22268482004111562,0
15685279,0.36773426350628713,0
15582849,0.6300003150363226,1
15655410,0.8022001191354379,1
15649129,0.01853250569954468,0
15702380,0.028864099027575488,0
15759067,0.9663617815237058,1
15683027,0.059904953380595385,0
15597487,0.10660823537839066,0
15763256,0.8621954368017734,1
15620111,0.7554696344370128,0
15623053,0.16281926318494186,0
15595592,0.947363337603012,1
15740072,0.05319211818386,0
15778005,0.196273740827389,1
15583278,0.11130863030817345,0
15601263,0.19804131648574486,0
15709222,0.11977555485556525,0
15713949,0.17349165077923712,0
15717706,0.04283649500528575,0
15756071,0.029102873540597898,0
15696564,0.06599353614996396,0
15657637,0.41195326600274235,0
15755863,0.17091118226661742,0
15719858,0.02148424721700542,0
15688876,0.020213440839031017,0
15698528,0.1604276040711496,1
15770345,0.06043193894461141,0
15761506,0.018012798573604067,0
15716619,0.14503535396451955,0
15788367,0.16679741474811588,0
15709451,0.12255283539810996,0
15640421,0.1867097748537569,0
15580068,0.019948420415379087,0
15677123,0.01932460347121923,0
15619801,0.04677844286010915,0
15582246,0.10544952558926371,0
15711843,0.904118209409263,1
15680046,0.021575897455388054,0
15804131,0.4231754059519068,1
15722611,0.35060272368720846,0
15729224,0.0397765496084043,0
15811588,0.927968126317013,1
15702138,0.1345553771957978,0
15749799,0.024340324830534096,0
15752885,0.15431220919965316,0
15674932,0.14711147405732114,0
15743828,0.17491174110337118,1
15642022,0.16934084427656293,0
15746461,0.02155148954127837,0
15809991,0.04903440562027682,0
15787322,0.273732336926332,0
15575498,0.07503836515028987,0
15691387,0.08993309542975525,0
15765457,0.053847915167825,0
15666173,0.0895486193569162,0
15627377,0.02338771308713429,0
15656683,0.8425003316037997,1
15679810,0.025396450309928868,0
15606310,0.05819440753655032,0
15756871,0.27283641342696824,0
15610002,0.018099906048787705,0
15567802,0.03936188574465855,0
15745452,0.3739599534186692,0
15617252,0.09088579675485549,0
15753248,0.01649504142575724,0
15610755,0.05449568782290713,0
15662238,0.10418856788099148,0
15799186,0.031912174199046545,0
15686941,0.02900143196480108,0
15601172,0.09687355235537119,0
15723858,0.03179124112018666,0
15615896,0.024321694301168345,0
15737647,0.3158452488668312,0
15582841,0.013736994770340863,0
15760090,0.012445104857600217,0
15588587,0.11444793288294088,0
15683157,0.050372377011240296,0
15694209,0.027162854615869855,0
15655875,0.029017218523960636,0
15805704,0.9172549423546592,1
15744789,0.12779302429684222,0
15799357,0.12840033108311652,0
15726153,0.06350356922507208,0
15713346,0.04346772833885728,0
15665053,0.3058570267720779,1
15592379,0.09728344363318321,0
15692599,0.10344947976185893,0
15620758,0.02021233123894387,0
15637428,0.023534377953939613,0
15808389,0.11140169138860354,0
15807003,0.20756672993180778,0
15702912,0.3086171507779496,1
15590623,0.037491394993212177,0
15728078,0.054659136053956135,0
15708256,0.016166443266016534,0
15582335,0.24470149675762462,0
15649150,0.7972069356487642,1
15691647,0.0463836335113381,0
15668270,0.23117425641132494,1
15624820,0.9795367169776713,1
15736254,0.06013488747634861,0
15720814,0.072383715908474,0
15642997,0.07947692499518468,0
15693200,0.044517885715026524,0
15624596,0.09130135051662056,0
15807167,0.05888436359859505,0
15660301,0.0680779628961841,0
15593094,0.16554317419520284,1
15618239,0.7625021627526312,0
15574137,0.015523057798614553,0
15614740,0.0628185752808975,0
15574071,0.033757101505034054,0
15671148,0.05670416706206462,0
15721921,0.12866744695604146,0
15717995,0.018680654273290073,0
15632050,0.20521395912173337,0
15647111,0.049717216991804376,0
15759991,0.10155061114488752,0
15790204,0.2169630569346016,1
15686780,0.4142742175292901,0
15640491,0.03741431541820423,0
15783225,0.8804535149949977,1
15734438,0.025734013715513707,0
15688760,0.2508187005479116,0
15768124,0.19950396763355743,0
15661330,0.12933931540649624,0
15781272,0.9198312478414216,1
15573888,0.7320490201898212,1
15575858,0.030310799119218974,0
15645937,0.1559660944435102,0
15702337,0.016612754723172266,0
15764537,0.05544966196556346,0
15619616,0.04796069231429538,0
15585133,0.02308089526065094,0
15573971,0.05970221521117469,0
15579433,0.033126710596518956,0
15777045,0.4943144137831071,1
15611580,0.09311693355613661,0
15614778,0.018075225230780322,0
15771750,0.3729956888796726,0
15593280,0.37472451562616843,0
15569274,0.7556614708065768,1
15654408,0.060114082440051404,0
15657468,0.8935745364251099,0
15614213,0.11479330827750063,0
15589869,0.14751252886286512,0
15693205,0.9287833702987439,1
15797113,0.035136344717527454,0
15676958,0.028084142012642616,0
15739592,0.8414628392863441,1
15656263,0.018762464248324458,0
15636872,0.06293442428711687,0
15589435,0.013366893552728432,0
15640464,0.1210029775184032,0
15723851,0.26678847048860516,0
15722122,0.3569869709152992,0
15696852,0.5971649426985057,1
15634936,0.19394094368803305,0
15575935,0.46305204931008553,1
15634491,0.04501057636551568,0
15628530,0.05471844972698297,0
15678720,0.06769959416822183,0
15627999,0.01862121433221418,0
15571244,0.021104064596737287,0
15739931,0.06627748619856179,0
15806256,0.5057589654337673,1
15787258,0.028930988116363972,0
15706463,0.027587623056881578,0
15691004,0.5596089218160398,1
15792228,0.8243717920366748,1
15733447,0.4252235387290977,1
15679062,0.39476609979815375,0
15594409,0.041420053162775146,0
15613816,0.17136289926952342,0
15681991,0.08591185204394526,0
15796074,0.07170282182070664,1
15625941,0.2565475723526913,0
15615016,0.016323860472277872,0
15748414,0.06325487391860997,1
15751203,0.028649565240040798,1
15662658,0.04949479050795788,0
15574868,0.11309930361154885,0
15790282,0.22546818869950344,0
15762927,0.39334735818012184,0
15803456,0.4305540286287878,1
15771857,0.05391496955377947,0
15700601,0.05448296059939069,0
15569670,0.14757946142623027,0
15772341,0.06377980931301303,0
15661548,0.09079374806005493,0
15787597,0.10626389551083541,0
15806913,0.2851748636230032,0
15804862,0.62385340125219,0
15792986,0.1752749175397367,1
15625632,0.03686050217132701,0
15727703,0.23107328924592122,0
15606273,0.05002385087243183,1
15799652,0.1503244107893242,0
15715047,0.4616299365530344,1
15784687,0.12490238361650025,0
15615322,0.07573819861490978,0
15722072,0.2469226091514307,0
15646784,0.057696212070958826,0
15644692,0.49196436162317875,1
15670354,0.08763806085736056,0
15716357,0.07665236815725529,0
15786717,0.02308700878131844,0
15771383,0.6626806490954525,0
15649793,0.027048660244523487,0
15731543,0.12912489874496405,0
15684516,0.06445825820179855,0
15677249,0.2298449848613573,0
15581525,0.040901632338879,0
15628420,0.1054633688456848,0
15600478,0.27309950313743847,0
15594502,0.03687757240191424,0
15784361,0.2132115170693133,0
15767626,0.022269329324939947,0
15632521,0.3549237105010746,0
15665088,0.042743002456427946,0
15652084,0.1081057642917716,0
15574761,0.21025475715226224,1
15729515,0.022057350264977557,0
15682070,0.030445793653116567,0
15743817,0.9151049583372661,1
15572158,0.2930121204172879,0
15584477,0.09666789090641333,0
15614893,0.11556314092721195,0
15665963,0.06590597410445993,0
15612524,0.39459736647327476,0
15596962,0.035207377107678545,0
15744942,0.35236625766935364,1
15573278,0.02805456832431472,0
15717056,0.29168207149458114,0
15795881,0.0574792521947313,0
15758939,0.1582366589999961,0
15792250,0.5918238063852731,0
15740406,0.3851603854261155,1
15768137,0.08055822030153174,1
15569120,0.013513614610261898,0
15723721,0.08284743185308854,0
15777122,0.018581835357241568,0
15742681,0.1432227758384073,0
15582090,0.2748117892199352,0
15711254,0.045040456166216755,0
15775067,0.18513695644097822,1
15602851,0.3232131071006268,0
15802857,0.0793099978695562,0
15701175,0.0647952992439208,0
15783019,0.9897377677983334,1
15728912,0.4457521666275992,0
15585580,0.5174917521413879,1
15583480,0.030517925207032014,0
15620341,0.08569993002836158,0
15613886,0.45606861964372225,1
15792916,0.16116422898411067,0
15710408,0.028435109385626794,0
15598695,0.11587374966911891,0
15649354,0.018479555205862676,0
15737556,0.06534603962873047,1
15671610,0.13852199489882347,0
15625092,0.9614425343655083,1
15741032,0.4385511866810144,0
15750014,0.23644991956563535,0
15784761,0.9581052873466483,1
15768359,0.10274792614027015,0
15805769,0.02021233123894387,0
15719508,0.9791465612584319,1
15609011,0.48680802405860174,1
15703106,0.025212442454538794,0
15626795,0.4001804287642372,1
15773731,0.03402014056698464,0
15756196,0.1411353727671305,0
15687903,0.02487550722856083,0
15777599,0.07221112572358067,0
15754577,0.8600826376620752,1
15584113,0.730847023473839,1
15669589,0.3962038632785218,1
15632793,0.06890034426327206,0
15711130,0.10165452746423562,0
15615254,0.2848404196099742,0
15720583,0.6422851428617596,1
15780432,0.054281810647177256,1
15673223,0.05481564548808691,0
15807989,0.03851755549265219,0
15761168,0.215376461133675,1
15651272,0.015959676955799838,0
15812832,0.043726429582701,0
15680517,0.18718418192016614,1
15750569,0.4926559960899846,0
15690743,0.2840581438364398,1
15627741,0.0717491120706047,0
15712121,0.0992441963362378,0
15805429,0.49518392841086417,0
15814923,0.05136132532386726,0
15589230,0.2836710054560595,0
15775490,0.08819414176851119,0
15749727,0.08846380006506906,0
15619238,0.018554559130607964,0
15593468,0.009752213505494234,0
15718454,0.078112405856722,0
15789498,0.039336471891400944,0
15744691,0.2910300662900185,0
15708289,0.04178541566579205,0
15790412,0.02087996029024281,0
15741416,0.19760507169560568,0
15598894,0.09211205724811893,0
15663294,0.04023734366230102,0
15572728,0.0937454082906096,0
15706729,0.07615682986626628,0
15674433,0.44949767845746535,0
15641170,0.14923213781468944,0
15806284,0.014042439148358293,0
15690958,0.11233786019540781,0
15606386,0.9545203320292308,1
15682322,0.035242347599785055,0
15579915,0.017299883510589524,0
15681928,0.1376114871625384,0
15734005,0.05880641658901876,0
15650432,0.14404934786960272,0
15592578,0.10103013365786882,0
15671243,0.22717308799325373,0
15775709,0.13915396121741155,0
15702631,0.022044668565408352,0
15602282,0.5108833953333053,1
15717879,0.04135144255472655,0
15740878,0.019632911144490978,0
15794468,0.045404141550050535,0
15773277,0.03964906869500955,0
15572657,0.0696009762699473,0
15800295,0.08155648530570495,0
15672397,0.09412759608883915,0
15684921,0.035894876953110263,0
15720676,0.03587581368024701,0
15731829,0.01624359779906184,0
15732672,0.11089206310953725,0
15692406,0.02375724420600856,0
15764405,0.012011474311292137,0
15757537,0.08674739844618398,0
15793307,0.9315131693157874,1
15660679,0.15211585176822087,0
15666856,0.30055962646629863,0
15687372,0.5045545733257752,1
15667289,0.11024913284459796,0
15624641,0.6601464152205602,1
15734610,0.9133284924674574,1
15631882,0.630751485036952,0
15642709,0.023855007678067017,0
15811026,0.20834827501907466,0
15596303,0.05694770446816689,1
15787255,0.9695155719969888,1
15617166,0.18204970244164434,0
15742442,0.32871118072170724,0
15758692,0.10808141752305071,0
15568238,0.012851557452713854,0
15730353,0.06925858162255315,0
15731555,0.8700244202750816,1
15582404,0.02900143196480108,0
15721462,0.09146036078006337,0
15632899,0.040747116921895754,0
15808526,0.6075590803341854,1
15694349,0.2620253930694081,0
15718465,0.8348825145070429,1
15682995,0.10500679440432102,0
15584776,0.16586688793953686,0
15777772,0.2283548622312181,0
15576156,0.2117715303796671,0
15646756,0.07743585659167322,0
15742886,0.021116746318574565,0
15586135,0.16106021535641268,0
15616152,0.8195118361775535,0
15721460,0.9569089619269151,1
15727317,0.955551148024299,1
15649536,0.3603687364788951,0
15754929,0.030319094392051365,0
15572051,0.16831491601639556,0
15668142,0.024314912275326724,0
15701176,0.06431085674781715,0
15708422,0.04721676310647735,0
15655632,0.06009578176597175,0
15744606,0.07032186180359547,0
15612140,0.22741418827098575,0
15656086,0.3445236788865084,1
15655298,0.10933756545592135,0
15644796,0.026908103791642008,1
15726250,0.04874939339331875,0
15764432,0.31788232750576395,0
15631721,0.04220217379572533,0
15707479,0.16354522039624866,0
15579826,0.8699466612964549,0
15668104,0.0685196653455777,0
15641604,0.7831576435551736,1
15587240,0.04607841607861542,0
15680767,0.06131396450127742,0
15601594,0.9837206716325139,1
15589969,0.10490496274579676,0
15703728,0.6572711812834247,1
15617790,0.053214929927235755,0
15662500,0.01282639786788584,0
15778526,0.1948630130295727,0
15670584,0.12208969186213686,1
15748069,0.05997706266089287,0
15680597,0.17946785226812823,0
15628992,0.06723220200808575,0
15719624,0.16056879196587395,0
15812767,0.018569596860415583,0
15689201,0.4052325133680045,0
15614716,0.15008779632663527,0
15683618,0.10944151888682811,0
15799631,0.018256479908619897,0
15692259,0.024396447334640633,0
15590966,0.11133117940482465,0
15656426,0.0422094777282603,0
15675256,0.06392068406605479,0
15751185,0.3994684502669109,0
15789582,0.8678710873229762,0
15651103,0.14995942217821054,0
15672299,0.043258338701483025,0
15772250,0.579806319265446,0
15763922,0.03830716801949419,0
15633870,0.013623141241508107,0
15624323,0.018574663557180706,0
15688612,0.10707378961599902,0
15694644,0.32139499189162657,0
15587174,0.012773244728280295,1
15579559,0.057064671309095885,0
15775430,0.07354762522458112,0
15623695,0.021102027523963958,0
15760849,0.022791280426313853,0
15813095,0.024386312549964675,0
15705281,0.19458961343866055,0
15812594,0.026399459382263887,0
15626322,0.06556709358805689,0
15723105,0.15673919502813846,0
15588449,0.09999645587595195,1
15794849,0.04097200951485334,0
15620000,0.07835693403650015,0
15799720,0.10417137168896773,0
15711287,0.1764104672925131,0
15613102,0.11940877056285339,1
15621440,0.017572599828468972,0
15677146,0.05915144578590018,0
15801169,0.45994819399590814,1
15722425,0.01606883754971987,0
15682421,0.021869068133375823,1
15691910,0.3346642161467541,0
15721779,0.05346098733092388,0
15579548,0.023080697936596867,0
15681075,0.49283712136258945,0
15607884,0.027655642423556413,0
15767757,0.08818205622252086,0
15791550,0.032941728743418386,0
15658589,0.058554745547977474,0
15670822,0.07749593926632059,0
15629744,0.052958881717088006,0
15660768,0.16525254764648245,0
15726310,0.029931612046645625,0
15641298,0.11935611324471732,0
15625675,0.14083879322763151,0
15713354,0.2405685615647951,1
15633866,0.1281320605461504,0
15704231,0.12011672623177873,0
15735400,0.22535661147609354,0
15632826,0.10659884270887318,0
15751022,0.11887729380022262,0
15664737,0.028897927205104815,0
15681126,0.2169544915612519,0
15738954,0.03975047451070627,0
15662263,0.03555869092719997,0
15621611,0.5075610019944259,1
15783752,0.14029535363288712,0
15709474,0.44395934403243015,1
15701280,0.10701508691043132,1
15671104,0.17984118733706408,0
15796434,0.04439140663461195,0
15781505,0.028935142504250003,0
15625819,0.34025018155890063,0
15753174,0.9473380155345817,1
15654067,0.025142549367879945,0
15724719,0.12392732992323956,0
15624695,0.054272691649758224,0
15718216,0.4360405835410833,0
15586300,0.020747603293115677,0
15783349,0.09880074241402176,0
15725767,0.016080040433856142,0
15791925,0.051774124127063725,0
15793585,0.014057006455140936,0
15576641,0.1376327268890482,0
15749519,0.9124570936665592,1
15684960,0.6909348814341159,1
15591286,0.6438333684666253,1
15668323,0.1370066120568412,1
15608528,0.9207238623736063,1
15645184,0.014932834501790246,0
15702566,0.07581158045050868,0
15660840,0.07987072046373966,0
15750811,0.5038722302307905,0
15733842,0.09591623217076527,0
15581526,0.03550727329338778,0
15662751,0.21572380473202915,1
15684319,0.3796406310034892,1
15702190,0.03117429800757652,0
15588517,0.015619663473634748,0
15801863,0.060412794861141025,0
15584271,0.2747717736984639,0
15700366,0.0713124722723736,0
15804038,0.27416749843655736,1
15720820,0.027842326193656508,0
15743759,0.02141869827242995,0
15749947,0.04921654922955899,0
15670496,0.02515509491349649,0
15746664,0.1584358265841147,0
15745533,0.7507904257776512,1
15761497,0.7052746160595162,1
15628600,0.7297128257229978,0
15627002,0.0741830892258977,0
15614635,0.2351049528531462,0
15731281,0.051109807869691326,0
15814022,0.10587446746425215,0
15659194,0.06759591451966794,0
15745030,0.029003417291339914,0
15691817,0.8059118088168649,1
15707488,0.027187789522093248,0
15784700,0.06699749169058149,0
15710397,0.015223182703896863,0
15687648,0.013235406305749042,0
15732281,0.2144674635715028,1
15607230,0.034551679212836583,0
15567630,0.40844599996103076,1
15587507,0.6733684811621776,1
15733904,0.09915956645639067,0
15709511,0.06014768068431198,0
15579616,0.046298036353874784,0
15694852,0.03145816501547424,0
15589924,0.047065914453682446,0
15799300,0.2568445085081549,1
15731330,0.13891592284088092,0
15694129,0.31680449364920804,1
15620372,0.019219728231420572,0
15744622,0.08897513255124191,0
15799815,0.10009508960182954,0
15759250,0.5943772967485489,0
15732643,0.5974350477003675,1
15690540,0.2502352854953353,0
15803078,0.04538664115355469,0
15652180,0.01252030161245596,0
15741195,0.10718860504843607,0
15743490,0.9574368585084156,1
15575510,0.11825539182194267,0
15732610,0.031129523719802966,0
15602909,0.056003619622455855,0
15734058,0.09106559476853926,0
15801788,0.2634474196322301,0
15702462,0.30595177991626893,1
15683416,0.9470806533262183,1
15794187,0.04349275805680426,0
15792989,0.15597985864733863,0
15613734,0.04142615046632241,0
15606177,0.023208386307939262,0
15636700,0.07388269235263095,0
15645766,0.013792658071920243,0
15671345,0.10084408578316789,0
15652469,0.013074695115238401,0
15749638,0.4647878939666888,1
15728706,0.7700632669452526,1
15735439,0.09150730523013602,0
15778696,0.2127360259389911,0
15624744,0.5644979993744872,1
15584338,0.08432541676466576,0
15726178,0.22991725210433583,0
15794939,0.03193628468858376,0
15788068,0.9402344202564719,1
15572956,0.0594617351568839,0
15780386,0.16364754042331417,0
15791114,0.10292721883068368,0
15708046,0.07772474124521932,0
15719779,0.03723916290243835,0
15591550,0.1166921736562039,0
15639368,0.06626478533619039,0
15699830,0.034271581886279136,0
15569264,0.08847148269966221,0
15595158,0.03594484710887106,0
15599126,0.22580876419094562,1
15650575,0.08451194106260415,1
15641490,0.024065159033190828,0
15680234,0.1588525629940487,0
15592230,0.023879616650609274,0
15626212,0.09631834389261383,0
15700627,0.8091119781527394,1
15782641,0.14622741689943206,0
15784445,0.0740031145224797,0
15813681,0.05103009539947909,0
15596649,0.3421450923026608,0
15700460,0.4152527203819774,1
15724076,0.9644493096546058,1
15784000,0.30067480631245097,1
15733966,0.6878243001617934,1
15612667,0.28800815568165145,0
15654025,0.7013326984432923,0
15589431,0.290484427715657,0
15578238,0.20931835958682338,0
15566269,0.015670162928475742,0
15639217,0.016892933195891576,0
15688644,0.05311413065927593,0
15662426,0.07945769304511273,1
15720511,0.3473431604989773,1
15567246,0.04575710030997309,0
15647965,0.17570836475542234,1
15679048,0.3748858132274232,0
15675749,0.014112285946770732,0
15782181,0.10456448006210496,1
15795738,0.09181970758034083,0
15773751,0.07513584941995854,0
15655436,0.4955010046505913,1
15691396,0.0846528864267389,0
15796958,0.027184564694272148,0
15801832,0.4093288812454297,1
15661349,0.021584651015214916,0
15719265,0.10792152032802464,0
15779985,0.1540252440998875,0
15663410,0.9581851638978338,1
15704144,0.04441736644176627,0
15774104,0.023294208148659547,0
15812230,0.39491457961801224,0
15742848,0.1664728969498218,0
15745326,0.9002280160689988,1
15674541,0.6720382320604228,1
15728564,0.020841279003426763,1
15580701,0.08347414715807612,1
15688973,0.03163878196046838,0
15709412,0.013994323543208138,0
15607753,0.08677164656783067,0
15705352,0.05704094482805643,0
15602500,0.052671735382231834,0
15672437,0.017301944875713418,0
15720968,0.06782110778751621,0
15730796,0.06750556289852039,0
15768219,0.03419353619443921,0
15663883,0.03705157202930235,0
15589296,0.11766933006206122,0
15586425,0.014377718649533718,0
15679813,0.15591588175263352,0
15681410,0.30871433923033564,1
15668283,0.9265946640580724,1
15624072,0.020149435630866623,0
15669664,0.9364425084577958,1
15682728,0.027207618383213523,0
15573851,0.6557556691113585,1
15733661,0.043426971777198044,0
15710012,0.054628716108711305,1
15763327,0.03061489549780713,0
15668853,0.23772389126867094,0
15639303,0.61522346854135,0
15691011,0.04340510995773291,0
15638513,0.07497110954177366,0
15648933,0.45373387949656063,1
15628904,0.05748497728562291,0
15644788,0.033813600891524166,0
15598161,0.13104238051741585,0
15745624,0.020978423073538848,0
15733169,0.05657701890983837,0
15801417,0.07271261220468737,0
15592707,0.06047736384190998,0
15593954,0.5961902150120626,0
15714431,0.04251909080137791,0
15638257,0.2963786953224072,0
15690939,0.08768925223287238,0
15723613,0.02482215298757985,0
15813640,0.02841371284481089,0
15707322,0.5860034056373538,1
15588918,0.055012947618529436,0
15600357,0.10872657108292445,0
15747014,0.04146412066506903,0
15809830,0.0763378247777592,0
15662245,0.012624801710803607,0
15651075,0.1729930669821897,0
15594456,0.3170662954887479,1
15583462,0.03817726610583009,0
15757661,0.041506695293433024,0
15729117,0.048826205038833635,0
15749671,0.014174575662063213,0
15566253,0.6014569181941003,1
15595153,0.3514727216511376,0
15698572,0.3042940733390706,0
15674149,0.07123624393316708,0
15623082,0.04460763490676268,0
15797905,0.19403749803706408,0
15746028,0.032430286602268654,0
15582951,0.10360157756157119,0
15616471,0.38566587229817906,0
15641575,0.11831562911669458,0
15638803,0.029739857290305937,0
15808283,0.237490321345158,0
15811200,0.02784293448712366,0
15733476,0.06914613972558553,0
15633274,0.07954595089624637,0
15582168,0.8175674266651297,0
15807269,0.4083999320054871,1
15602979,0.07777285011792803,0
15660417,0.7541289513348751,1
15590199,0.03502229993942189,0
15641794,0.026629975560507196,0
15779174,0.04234053689729178,0
15785547,0.08088082098686093,0
15795124,0.47690915510789017,0
15718912,0.5714363439001258,1
15592028,0.41450307462102653,0
15580227,0.016892933195891576,0
15657830,0.12152835545966476,0
15798256,0.38925056015497494,1
15643819,0.02099000251895445,0
15754301,0.2248823196501345,0
15726855,0.8643149217122537,1
15755225,0.09370882372945913,0
15725221,0.27224313234484954,0
15789055,0.1160411649024914,0
15617507,0.034724505232181666,0
15668894,0.11961569021804293,0
15589563,0.052816586584107844,0
15693162,0.10038456328186492,0
15750099,0.31246683834004557,0
15795540,0.1453476567857668,0
15794941,0.7336827215621292,0
15611848,0.10592857973243315,0
15581237,0.03923431530563161,0
15738150,0.051220405102785964,0
15678571,0.01685488120220161,0
15736124,0.018983694521315625,0
15623202,0.2983968665662282,1
15804201,0.3902139230527958,0
15596863,0.17211751369474448,0
15696277,0.026157070359689418,0
15748608,0.353995464329419,0
15723864,0.21322573656122287,1
15802390,0.022524586057666413,0
15774336,0.16485504900057138,0
15648766,0.10213405635287694,0
15659094,0.11812692196556199,0
15606397,0.4828558618877514,1
15642619,0.10084397842961221,0
15666032,0.0769080272500437,0
15595842,0.7944341602415965,1
15753837,0.025028595727623157,0
15783882,0.037086127284326025,0
15799790,0.1282714190796291,0
15628155,0.1567025460078082,0
15703778,0.054911205527444266,0
15722322,0.018892428821682006,0
15639278,0.14063303646299252,1
15568487,0.060740947948185436,0
15682084,0.01463605260827666,0
15642821,0.8469848341233889,1
15601387,0.019952585033971088,0
15642515,0.05272899825112899,0
15710421,0.12679941310009626,0
15726774,0.09330850143001292,0
15649078,0.0388289335245464,0
15641877,0.1685295001792215,0
15796496,0.13549692194174084,0
15815690,0.1312678165190211,0
15631739,0.0434730022756988,0
15625584,0.03727712176671638,0
15802466,0.10731795933085936,0
15697028,0.031147079332412942,0
15575759,0.34239295569813355,1
15567442,0.014743594701284644,0
15746805,0.01800335702918245,0
15636330,0.5754378276707312,1
15714970,0.20586646204613307,0
15653784,0.07308164424531756,0
15693543,0.019490344985527545,0
15773283,0.8731388853645798,1
15742534,0.08892893633389068,0
15569878,0.06947692219629995,0
15729454,0.02613021789674855,0
15578375,0.02811145037942363,0
15785559,0.27569523404276025,1
15649414,0.17714065420119576,0
15701605,0.08849218757050062,0
15686696,0.06921185800580777,0
15625586,0.10056264320919231,0
15654975,0.2689728654376788,0
15782993,0.14227684387097841,0
15774382,0.3309027030011348,0
15689602,0.06762216560556819,0
15756155,0.015201390812801367,0
15812647,0.03575465679003421,0
15736043,0.05981814873376655,0
15696744,0.13858011573522833,0
15602572,0.011563208603219678,0
15674765,0.41139425546154645,0
15678725,0.020097436381935226,0
15694444,0.9365430187781607,1
15795878,0.05143330085942441,0
15735346,0.4252783200611649,0
15687094,0.04146402247994251,0
15790067,0.13468692878458322,0
15605742,0.28718784689195204,1
15566740,0.2556811487907875,0
15664897,0.24353050111551044,1
15585777,0.060976873885704184,0
15650864,0.03239564206960559,0
15806709,0.1663375974041837,0
15633818,0.018911767617579078,0
15713845,0.1002578580233804,1
15639662,0.03892577330717225,0
15567013,0.01815407333689436,0
15777784,0.135808722291029,0
15800251,0.044615209242755395,0
15651315,0.031230452460401136,0
15651450,0.055939820989941665,0
15784218,0.038424734659940826,0
15572398,0.0447053005116861,0
15707962,0.06841210559744919,0
15705663,0.15161131209357237,0
15645355,0.14708325599623756,1
15729557,0.5071736085400619,1
15631436,0.18114285201300084,0
15583073,0.5736494516091727,1
15614361,0.13636781684409927,0
15724684,0.39197541664909935,0
15700083,0.06071482455331868,0
15636541,0.16350264784042368,0
15796015,0.4267226560917709,0
15787222,0.013065808678987538,0
15594270,0.07528421458182226,0
15701524,0.03436428700086958,0
15645847,0.9400015559351173,1
15708867,0.8922724542625687,1
15613140,0.10127002409401223,0
15628893,0.15066234642348172,0
15764073,0.027900288083302943,0
15782879,0.025484326322141995,0
15635964,0.9467511163886457,1
15726087,0.3563972294310808,0
15726313,0.2422064813201233,0
15578073,0.020386564814216336,0
15786249,0.031255171126890455,0
15812850,0.021321195975061453,0
15596972,0.23632303206239463,0
15620579,0.022073412861666544,0
15768270,0.028180277802558724,0
15656597,0.09686591867169901,0
15699446,0.03528929177239827,0
15615004,0.03706420566823145,0
15704771,0.041525390208816355,0
15588372,0.5221148941882326,1
15681439,0.03774783619622757,0
15607509,0.028125089335558205,0
15670343,0.021827488748229474,0
15597968,0.7140620964040242,1
15658432,0.17187056682754248,0
15616431,0.11014817789178664,0
15796957,0.4187167194769771,1
15815552,0.13897605897280663,0
15631871,0.5927219042516795,0
15635870,0.856397590198115,1
15596713,0.03006082735793918,0
15684211,0.4941108627749986,0
15760521,0.41177931702023324,0
15608408,0.028731870599612266,0
15804721,0.5661328427068729,0
15730272,0.1362393082504379,0
15741988,0.915121342080431,1
15771728,0.9279202294630129,0
15605113,0.05133898075316781,0
15661945,0.5666917386791392,0
15783816,0.0283591699065392,0
15721207,0.45270083070694916,0
15764072,0.07317679962157475,0
15689412,0.10463949072242064,0
15798385,0.09191936596147082,0
15775339,0.09857120665118588,0
15585256,0.010562966316573847,0
15797329,0.2900740422042118,1
15780220,0.10350033831477584,0
15648951,0.024629464600037603,0
15752409,0.01842502741362185,0
15807524,0.10201753414021644,0
15766649,0.09843961841931208,0
15696812,0.020619180782241942,0
15581295,0.7249786255206695,0
15663234,0.20039286183405874,0
15741417,0.05513954952743437,0
15695174,0.049177154823356634,0
15665168,0.24512332418904118,0
15601503,0.019677251632780512,0
15706131,0.0822036973177616,0
15782758,0.0752523013791891,0
15591091,0.3168569248536255,1
15715877,0.014667518577320394,0
15756918,0.03247392456973609,0
15746662,0.07614517255271525,0
15626679,0.013100908661900274,0
15793343,0.028013301992030133,0
15576774,0.03766393904529118,0
15801316,0.2099392667497884,0
15800514,0.10564695806124522,1
15662232,0.09602869116732571,0
15737778,0.41071773992077565,0
15782096,0.21185526096668902,1
15783522,0.0945065508445776,0
15785373,0.5869057281121264,1
15756272,0.38083497409602934,1
15615245,0.037704717628424034,0
15600174,0.06773278216451527,0
15752956,0.014719575225757165,0
15644882,0.22134272761680823,0
15766272,0.5932076953055616,0
15800620,0.03651369313899092,0
15569764,0.4407226137151359,0
15747458,0.08686354721198508,0
15573171,0.13108047124982564,1
15736769,0.029807027418773613,0
15763381,0.058551274554487824,0
15814430,0.3026462235970449,1
15638607,0.8902329272079212,1
15737133,0.05418714600737828,0
15613945,0.023759572735216315,0
15659937,0.03789654887745812,0
15765287,0.02120307832061719,0
15661723,0.06219012987677277,1
15766064,0.039314208137675374,0
15649616,0.17209489792889593,1
15719017,0.017809765374991404,0
15720919,0.22939356589587392,1
15706706,0.057178262107137834,0
15709653,0.016549975392830103,0
15805104,0.019114790986955413,0
15622442,0.024015245257540833,0
15572801,0.04163646850008566,0
15767598,0.030808853075168677,0
15757897,0.0574837792801736,0
15568104,0.017095309932355952,0
15763414,0.21906747187439488,0
15732265,0.018266992815390525,0
15621974,0.09534928359922844,0
15803947,0.2180090517192675,1
15720706,0.1671628728620205,0
15759290,0.02217731385195715,0
15651664,0.8927286167957224,1
15795132,0.10300667357330107,0
15811565,0.41316011160223615,1
15713774,0.7337044642337278,1
15691840,0.0671838617756153,0
15682021,0.095567288577923,0
15612931,0.34718476177136465,0
15676707,0.04296703186558773,0
15601383,0.29222422955740984,0
15662662,0.02503999583687434,0
15752694,0.08154680500796598,0
15590683,0.09837166542116434,0
15773591,0.09920848872098961,0
15723620,0.028557728975293437,0
15671779,0.027970739742581106,0
15672966,0.03632694595496548,0
15624667,0.0507410827667786,0
15812888,0.9052587886789858,1
15724154,0.8542570942924688,1
15749540,0.01885370279064495,0
15621063,0.3266645479942162,0
15661626,0.7298729091339793,1
15698703,0.04604762664381258,0
15801431,0.22748871634089013,0
15649451,0.01227774664750011,0
15626156,0.07208822884234012,0
15606158,0.31319168459542684,0
15589496,0.04432457104645587,0
15730345,0.11802074714930869,0
15572038,0.32838940905405184,1
15643439,0.08537565614457808,0
15604158,0.04775526356050976,0
15657396,0.01282369003556203,0
15709478,0.1121668782014925,0
15628824,0.123999286038945,0
15814519,0.04717847039981414,0
15636520,0.06220066168052131,0
15794414,0.20659410655368762,0
15643671,0.40697007670591934,1
15700650,0.017683827223747214,0
15680224,0.01744539392811707,0
15784286,0.08288536215696583,0
15693996,0.07444047077625823,0
15764343,0.46752862405601747,0
15704168,0.501848281639343,1
15680197,0.01764335755415318,0
15633729,0.1927093197908704,0
15577683,0.019124998762499776,0
15800746,0.14433537737424973,1
15788686,0.027644424367951167,0
15742798,0.30334289424396166,1
15596647,0.25365003532959124,0
15756070,0.05896109208460554,0
15775116,0.016611285206876887,0
15575428,0.12949983295212128,0
15654074,0.10740642592897233,0
15695872,0.05571126466646436,0
15568885,0.2435789955650415,0
15725036,0.1103685591098384,0
15632665,0.3278734858351703,1
15571476,0.08349766787725964,0
15776850,0.23597927633715393,0
15623649,0.01757361171355474,0
15751131,0.1690724189697541,0
15688128,0.0616413292220864,0
15678412,0.5168263877940787,0
15770291,0.028407748946010287,0
15583392,0.9477860047731732,1
15690731,0.0744692765545558,0
15697948,0.02618194055065477,0
15608328,0.044695813797206926,0
15766378,0.39193372145789884,0
15600813,0.21922598736971816,0
15706217,0.07213569063704427,0
15601417,0.025758589136296407,0
15610972,0.26532026741057596,1
15674620,0.0430979218794201,0
15785350,0.11010163878115838,0
15749119,0.018484162208724446,0
15756535,0.23059897459582024,0
15700965,0.02204861312379429,0
15791851,0.13429217889810213,0
15717156,0.04342252469089111,0
15740846,0.11130188558821243,0
15573284,0.1415970124157903,0
15729083,0.06193078227879985,0
15611612,0.19518177255586885,0
15694381,0.4691971353038974,0
15651737,0.16638843627825753,0
15663168,0.10335537378990875,0
15643426,0.16822047864703993,0
15618245,0.0807266588661144,0
15717527,0.5363135724360583,0
15793478,0.3241699143867026,1
15642248,0.06352849876470171,0
15640377,0.04656317223356786,0
15723950,0.10160874198827327,1
15590327,0.40522395191693295,0
15706199,0.2895288096690847,0
15671514,0.020579192139065693,0
15727041,0.01916603513751574,0
15738063,0.014495566257785406,0
15711733,0.08648337964257057,0
15652320,0.027052904777742286,0
15634180,0.05489237613702385,0
15694566,0.11258454817098955,1
15726103,0.91129173925325,1
15646351,0.016169073651278024,0
15730044,0.817627385647277,1
15795186,0.22786520627232418,0
15784890,0.026182818853621444,0
15694125,0.05795550815655437,0
15565891,0.026570778146557814,0
15674254,0.11572677855597222,0
15775206,0.021013529859113624,0
15797627,0.3300766756566464,0
15649853,0.5156069348630609,1
15610379,0.07046204107814687,0
15659800,0.6547781877545,1
15716236,0.013900358956918591,0
15672053,0.028888784729379762,0
15663933,0.07445288355380984,1
15814236,0.12281986840586756,0
15583597,0.21663782296077186,0
15607395,0.06013584264522858,0
15694556,0.8290928640840873,1
15744109,0.1222490213554253,0
15800688,0.05697065616418481,0
15810878,0.1341555234978631,0
15587835,0.08247801519126488,0
15763515,0.019303268796556167,0
15725882,0.17197250447037293,0
15788022,0.08508460333461633,0
15663917,0.1821532599839443,0
15656865,0.07270031471218064,0
15667971,0.06114367180628811,0
15800366,0.10305930595202237,0
15717231,0.2613793584618399,0
15643188,0.5793728423062731,1
15671351,0.02158148233733194,0
15573628,0.9272155541417143,1
15698953,0.5375437841935539,1
15753888,0.22793828066288335,1
15737961,0.07554966207423382,0
15801701,0.015870312742297256,0
15684419,0.5282207755893761,0
15794266,0.08463410676731534,0
15810711,0.08170188877109905,0
15771270,0.11756058615645533,1
15607786,0.04088570086615683,0
15624519,0.739472996112879,1
15799910,0.021362420201770337,1
15602479,0.08378109665505823,0
15617419,0.06872153256227838,0
15657603,0.12275290443658894,0
15570379,0.604728381795819,1
15772996,0.08545756918693691,0
15729574,0.018967126196957,0
15737267,0.7785657537073984,1
15799128,0.11590767474319857,0
15813327,0.024640990082202736,0
15711921,0.013933899146387568,0
15654300,0.07158841874093415,0
15569945,0.019910241446277288,0
15569666,0.7704758900813117,1
15681887,0.25919194611413077,0
15608873,0.7708511467376966,0
15762091,0.1490606896337944,0
15722053,0.023324172311675457,0
15782100,0.08297240430368176,0
15765300,0.7386727875292304,1
15743570,0.02279088668933888,0
15608541,0.44925993987031065,1
15750671,0.01977506607309787,0
15813659,0.9417762521677739,1
15757867,0.234633556721732,1
15652914,0.12939689893304318,0
15723818,0.08169647517078973,0
15713819,0.28299377444784485,0
15656484,0.019879051334846545,0
15778515,0.18065259166420752,0
15803840,0.031129523719802966,0
15735339,0.2189134405408514,0
15600392,0.32468123661279197,1
15625740,0.1992210155189874,0
15663817,0.2944452820926244,0
15734461,0.21786734870304847,0
15780142,0.2767068727878475,0
15709920,0.7274456746748117,1
15684248,0.0155136095109553,0
15643158,0.3953802432690908,1
15693902,0.0118904618787639,0
15578307,0.03656150239467219,0
15585379,0.1368055919462642,0
15758510,0.01819780958233494,0
15692918,0.1571955544935692,0
15705301,0.030734517159492006,0
15718231,0.028960740375178082,0
15567991,0.03983138660503881,0
15772650,0.29797902160492523,1
15574795,0.12482601958831094,0
15706036,0.10072085362073736,0
15723856,0.042006921930887266,0
15812920,0.38809890601084557,0
15691287,0.2768456577120374,1
15804797,0.31343774125795454,1
15708650,0.04425322837616342,0
15712777,0.10957099496152707,0
15786469,0.021197313664741108,0
15669219,0.22029009265049843,0
15641004,0.3626550424984266,0
15648067,0.0518322334775562,0
15704014,0.08637241798826123,0
15645136,0.06257398943927142,0
15709604,0.07214407368743853,0
15713637,0.10616170854429334,0
15793901,0.025033090453343284,0
15569759,0.595230421854898,0
15712930,0.32944615391916887,0
15586504,0.02448648896033425,0
15677317,0.06817363504803643,1
15664270,0.9740426637291794,1
15731519,0.03345068833665845,0
15745623,0.08435544288638085,0
15813862,0.05536074860302545,0
15641934,0.627342063112062,1
15713043,0.017330669509641874,0
15700749,0.23881619620501052,0
15697567,0.011513910081131902,0
15715414,0.18017711398890168,0
15639530,0.18533791864770144,0
15726058,0.061181020890870595,0
15725665,0.7400028720824553,1
15698872,0.055549725968859744,0
15812184,0.16443722550506276,0
15742609,0.1511352038263766,0
15815043,0.1368763073627781,0
15640648,0.016502671066894008,0
15627203,0.36394583409290854,0
15786196,0.9416782881618034,1
15612095,0.8013164668882079,1
15674368,0.05926888707244538,0
15783477,0.3831389512969225,0
15757559,0.35972955221981523,1
15591036,0.7019253935689905,1
15761241,0.2636245004948619,0
15695078,0.01273250270397341,0
15645744,0.022585824245787617,0
15566988,0.74338428056085,1
15749300,0.3353787525229278,0
15594340,0.1770537041511823,1
15607065,0.10096325399496268,0
15778089,0.023735657311021167,0
15773723,0.12975876556091714,1
15697035,0.02625567067764612,0
15679668,0.06510358555501364,0
15709861,0.07114532242963607,0
15791958,0.04964510492330143,1
15791030,0.059347259229495124,0
15695339,0.9109960656501283,1
15658813,0.1072762898513426,0
15715709,0.43122291878184865,0
15722533,0.042774440253290254,0
15683118,0.017510412070849905,0
15672798,0.15024111838438398,0
15680112,0.3893739315291328,0
15714575,0.5679904147769038,1
15806808,0.9924419262414063,1
15590637,0.022117708391550406,0
15657535,0.11718807575177649,1
15696141,0.22438853311299298,0
15811947,0.05453334436783198,0
15649024,0.13905282627770707,1
15594928,0.37167311157700483,0
15765532,0.06398827646207374,0
15741719,0.09196208695097297,0
15665629,0.026649133459204378,0
15728917,0.4695993043762752,1
15762993,0.020401117738751688,0
15571193,0.4166751326688291,1
15653521,0.4209661668438734,0
15802220,0.12011684187450862,0
15644132,0.05440183866148586,0
15600832,0.6587116218003973,0
15797919,0.051029474197428815,0
15603743,0.0422558885652192,0
15579714,0.029995010507195892,0
15634295,0.09894403807854114,0
15786680,0.02242624601555347,0
15623499,0.812957438909859,1
15691823,0.05810157549550836,0
15809279,0.14641855958168745,0
15758039,0.04086006540831572,0
15807163,0.33301006892622775,1
15631639,0.19342660686961258,0
15713770,0.1738223819186364,0
15698167,0.0519335512701683,0
15781710,0.034424037820093144,0
15801296,0.11777493896558626,0
15704378,0.2390513580688464,0
15767891,0.07953481757258929,0
15640667,0.0506569275612451,0
15702145,0.05706775167635112,0
15679738,0.27619097806167314,1
15636634,0.12252260691277728,0
15809227,0.013888705684780256,0
15601811,0.7727486465648763,1
15625494,0.03886952186494438,0
15723737,0.1362409435839687,0
15682955,0.08198943133509794,0
15758856,0.09888316644496102,0
15746065,0.06724459925955989,0
15783865,0.1739353691923103,0
15745455,0.23646138121370616,0
15583033,0.01867137163674031,0
15644212,0.024318366101494137,0
15735688,0.11197105549086962,0
15658577,0.9140766765172575,1
15606887,0.3245141537673461,1
15783026,0.3749737833516997,0
15579892,0.040701746734786014,0
15802088,0.14217074887300352,0
15589323,0.016392413864255995,0
15636395,0.02708806547885007,0
15712772,0.0881876642873968,0
15700937,0.01856792851632482,0
15766659,0.02128305485268444,0
15814033,0.025129200968512375,0
15783007,0.682199335839119,1
15654183,0.02546332251896173,0
15609899,0.21287620713432304,0
15747323,0.5391449082894241,1
15582591,0.1593574598546572,0
15738835,0.09386650671972448,0
15782404,0.13442502810293463,0
15697480,0.01374389725434499,0
15697045,0.024878191735126762,0
15781234,0.2311904224628294,0
15579891,0.26759122884132663,0
15805690,0.2772087818511286,1
15612139,0.07556130483672786,1
15568834,0.036593719055626264,0
15709917,0.5184384789008641,0
15718843,0.1897869611199901,0
15799494,0.13434435516149484,0
15673439,0.3302572681242822,1
15669011,0.5724055328226292,1
15581388,0.0989703656154828,0
15743153,0.179357831715683,0
15579787,0.025926972957705977,0
15759966,0.09093942136100247,0
15601045,0.048874991340671615,0
15764021,0.031648626764416155,0
15687218,0.06101897783377946,0
15626452,0.01348519571151777,0
15700964,0.18187597593114135,0
15768887,0.016827197772970662,0
15735358,0.28757818836959625,0
15749472,0.5692877026512086,0
15685872,0.06244194431291576,0
15760851,0.01862012583025626,0
15734588,0.09298479500679369,0
15784594,0.1855308303942402,0
15606435,0.029529658577484963,0
15790247,0.030255382283645823,0
15676433,0.24372099879638975,0
15625905,0.03740091656893744,0
15626414,0.25008318896015497,0
15623220,0.13168108360305444,0
15752857,0.6223624099626933,0
15677908,0.04249989055429281,0
15773013,0.6199204719749477,1
15623972,0.14817060921492747,0
15738627,0.013016988717730875,0
15643392,0.06683924935608351,0
15684868,0.9484133974424104,1
15627854,0.03232024420736738,0
15669253,0.05840798574636731,1
15758023,0.808914061722578,1
15574558,0.013824437831583457,0
15635256,0.0596226369883054,0
15680399,0.01643897766026042,0
15674720,0.22921226600736283,1
15580249,0.5402715179193129,0
15675431,0.021298752701907057,0
15698285,0.11227689633330505,0
15810775,0.1455561785638201,0
15678173,0.04709370663905304,0
15665222,0.6590580551664823,0
15803908,0.04621842276653138,0
15586039,0.0778827161020219,0
15802570,0.08478952245919223,0
15781451,0.06562430785320124,0
15721019,0.13471869396381508,0
15738588,0.3632798088295559,0
15730657,0.16806417333463897,0
15739292,0.11445400615823784,0
15725945,0.5109966382323553,1
15813159,0.3012764213986636,1
15636820,0.40319943195934793,0
15603880,0.337244503653634,1
15619494,0.15516706113577147,0
15596992,0.6514388182465171,1
15735025,0.06484910228459362,0
15730759,0.1306374959392289,1
15752912,0.024285744711909512,0
15711316,0.014298820369127066,0
15738785,0.0141521687795062,0
15777896,0.07069417229224009,0
15628963,0.14920729104213,0
15742126,0.10036302508527299,0
15575623,0.12034968492214251,0
15741652,0.08484505550167358,0
15738884,0.30177613335573433,0
15615050,0.324692052022843,1
15803005,0.38868069901986446,0
15743498,0.8834749351715141,1
15720463,0.03117569765475604,0
15588695,0.09256448205779472,1
15665802,0.023595855639046905,0
15571144,0.01346098562018596,0
15750731,0.8641044704424189,1
15605134,0.049239424663870386,0
15626044,0.06562299130514788,0
15737910,0.07717644424478189,0
15761076,0.042805806697157174,0
15710105,0.2263827771986113,1
15577402,0.015140474135182429,0
15803337,0.09126317739704115,0
15654372,0.04322503639953454,0
15585867,0.020902862093946293,0
15662488,0.08135082677011031,1
15604813,0.026706579814223905,0
15611644,0.027837304929351606,0
15674928,0.019408520051809947,0
15656100,0.6614941862436118,0
15764293,0.010810474650160167,0
15636423,0.1638847176894477,0
15607629,0.1366892524153962,0
15577313,0.39521817273132337,1
15714493,0.020770215241019005,0
15643359,0.10703716655462776,0
15687913,0.2772344680465074,0
15790935,0.02257641043017897,0
15708693,0.0313549768264763,0
15672016,0.014899602187753436,0
15727605,0.1120479346858364,0
15651144,0.11329976910972435,0
15749401,0.8039381914691591,1
15691874,0.09703220664951079,0
15620735,0.10729005474417107,0
15769781,0.018577696275952977,0
15624611,0.03289390401064435,0
15773071,0.07743251633311415,0
15720371,0.8703086803611633,1
15717984,0.5285102208005585,1
15806407,0.049002467728347564,0
15785042,0.10899218790112242,0
15809302,0.00994993549547313,0
15677550,0.047257612521110194,0
15654096,0.10701057724792189,0
15617320,0.5088217885259255,0
15653065,0.0307011967705359,0
15649112,0.053048650676716505,0
15690526,0.07952437307270667,0
15806945,0.19945753121636392,0
15670066,0.013723372267880415,0
15625761,0.9544246457201225,1
15761525,0.05524677414488784,0
15735080,0.27643321586267505,0
15619537,0.02870795637266278,0
15598162,0.24850629557849604,0
15694300,0.017941543324852396,0
15637235,0.01577863058194507,0
15612444,0.01763383075733609,0
15626457,0.06110718524503085,0
15627995,0.12624411626445733,1
15706128,0.019928436748856863,0
15666430,0.026595046504846512,0
15627385,0.05422756827295678,0
15581323,0.07619527618708258,0
15608109,0.07047726036029146,0
15801942,0.5751670871570521,1
15567431,0.11732357987909865,0
15810167,0.019451784711836614,0
15644501,0.060335252450582924,0
15785290,0.16073408257959163,0
15611157,0.14402782162348748,0
15673837,0.1685825403109041,0
15656822,0.9757624899890752,1
15580560,0.127868251130655,0
15760641,0.12157024328442045,0
15587584,0.01638571193394997,0
15604146,0.12931046818558375,0
15813974,0.370778283624786,1
15746986,0.07403294635271969,0
15759741,0.1195280533558894,0
15734892,0.020945606921952895,0
15797194,0.06352613559627825,0
15723786,0.03587581368024701,0
15642726,0.577176402798429,0
15664339,0.5501326195258699,1
15754526,0.14660945822392232,0
15703037,0.19072333106891395,1
15751412,0.059747628937056436,0
15609558,0.3262988873872089,1
15572408,0.0937987030590552,0
15613923,0.21959160807092548,0
15747000,0.0143023633374022,0
15731781,0.07968812407114444,0
15727198,0.04732035738177504,0
15794273,0.5011643703689401,0
15804950,0.04081354854870429,0
15576304,0.0505782577261471,0
15645200,0.9348883618343067,1
15779627,0.1271370517838354,0
15750755,0.03398758414237195,0
15569654,0.09143665028916931,0
15753079,0.5909747927333467,0
15684995,0.22562656459259592,0
15790763,0.22536359918306603,0
15766458,0.10109020607807664,0
15616221,0.10527267275841987,1
15776124,0.40780817116968504,0
15665811,0.08553527527157408,0
15729804,0.009880196330022916,0
15714062,0.33571569996717926,1
15592197,0.02128305485268444,0
15793116,0.42185897289366286,0
15638231,0.10295182847752296,0
15697678,0.043514850573391765,0
15800412,0.05627576395361179,0
15597610,0.12725081795989457,0
15726634,0.7035760387681981,0
15670866,0.0125152777206103,0
15667462,0.05245121638980654,0
15662574,0.13906237558692242,0
15716926,0.031998336628051585,0
15603554,0.9340466250045023,1
15716800,0.014602403802163644,0
15679429,0.04759458876084263,0
15616122,0.02085128465736167,0
15742172,0.07901426017869745,0
15792305,0.9699705694637487,1
15636016,0.0743646001816735,0
15733138,0.24631390547537715,0
15669741,0.18483572293723574,0
15616954,0.0215541249652272,0
15729238,0.6180466942942089,1
15718242,0.8487060493609166,1
15682914,0.05298255739352834,0
15654274,0.024538769812079583,0
15691457,0.018594886258443404,0
15719649,0.15655623143492448,0
15778897,0.020306141760432442,0
15589437,0.054232486836270064,0
15682369,0.21119726664069907,0
15626507,0.06264476052946052,0
15571995,0.1077248091588599,0
15673333,0.4080845147955676,0
15748752,0.06307752860595202,0
15725302,0.025173132900755013,0
15722083,0.027753225490568207,0
15771442,0.19769182292846238,1
15803633,0.1709427581936056,0
15672185,0.15222386287987236,0
15806486,0.2413660351553756,0
15570895,0.19169410209281898,0
15614520,0.12590104093053778,0
15687492,0.06117667141056814,0
15675337,0.26270429863500994,1
15721047,0.22753523070806544,0
15589017,0.9860673051178247,1
15611186,0.18642795733031364,1
15617301,0.27989863754770167,0
15726046,0.1014409164961921,0
15585748,0.0584997312888882,0
15672826,0.03656617720923156,0
15595162,0.10764006734546264,0
15650026,0.10906740427209777,1
15745826,0.025460714241102432,0
15708610,0.19038424513183902,0
15624471,0.020978423073538848,0
15590097,0.12253171135559274,0
15689328,0.7844729913833588,1
15582154,0.2767282393469097,0
15734626,0.03535299546110573,0
15702806,0.12171680372931859,0
15620756,0.8454904969898024,1
15611331,0.5662769560896453,1
15576935,0.07733222715220385,1
15661275,0.9111864267376093,1
15814940,0.02288028230803603,0
15768471,0.9495320073133325,1
15697391,0.02348882704167236,0
15793346,0.02532584428101614,0
15608338,0.9917795844216307,1
15578546,0.10459826069659385,0
15656921,0.016166443266016534,0
15761340,0.014698875412297812,0
15591135,0.04349918509843677,0
15623219,0.15751044837060676,1
15655229,0.1760372020816019,0
15805884,0.05910595896130611,0
15668289,0.06550272454190682,0
15568562,0.1557619641451459,0
15773276,0.8652322670079766,1
15622801,0.064898415871758,0
15779886,0.01955998110653305,0
15713673,0.057091251802540044,0
15783083,0.01857000255552724,0
15742824,0.2950397632429647,0
15621550,0.9593498021297644,1
15799480,0.09515739574064382,0
15625247,0.16529604240100637,0
15755241,0.5982538416081553,1
15575679,0.10702691935106752,0
15668235,0.200939982284973,0
15683183,0.7716975946648311,0
15684592,0.027371161558322664,0
15591169,0.8559013628863673,1
15653455,0.028232576485716525,0
15732563,0.05073342712741163,0
15656471,0.013588666634294744,0
15598510,0.043727852500150495,0
15766427,0.6434468709006982,1
15785342,0.012377564195855843,0
15641595,0.10608715694184283,0
15798429,0.013412101193340787,0
15648136,0.23510337319137165,0
15812482,0.08174494932290544,0
15790810,0.2544112979114338,1
15687421,0.7469609024806778,1
15765643,0.03728030986741802,0
15654878,0.056818207166138994,0
15686835,0.9654523687970414,1
15768340,0.13485090340697334,0
15673599,0.0625714211905029,0
15689096,0.3020066833711485,0
15684294,0.08127369068188196,0
15615828,0.08493559033052196,0
15746012,0.09346129342390262,1
15615797,0.6850683571000946,1
15788494,0.08179129813310843,0
15793856,0.06527359635268451,0
15629545,0.19888258353845956,0
15661198,0.17970283441086476,0
15715117,0.25097532223914637,0
15701074,0.17917752703636217,0
15793046,0.11474170919094928,0
15623744,0.07046204107814687,0
15611329,0.036742348722233246,0
15740428,0.04524855935965462,0
15781534,0.32116055524413845,0
15618243,0.24512521780389673,0
15784161,0.32486151642256583,0
15700325,0.10629013837175176,0
15659064,0.016114932862817462,0
15658364,0.3570909973483869,0
15704340,0.14013519306259278,0
15793455,0.9184131302428968,1
15579777,0.025874728645748458,0
15632345,0.0336512923986584,0
15814468,0.6668061520862799,1
15754820,0.05728854652329365,0
15707505,0.03872410258136647,0
15699507,0.018282866300657202,0
15799600,0.5701506500240918,0
15794472,0.03135077020899372,0
15646632,0.027662949516946846,0
15676353,0.057974044028986024,0
15566312,0.7380936822887871,1
15570414,0.17331623218482833,0
15776743,0.03209377158290121,0
15674637,0.1206317660905762,0
15730418,0.030170866633421535,0
15739972,0.9648124901802873,1
15661591,0.17300440712875184,0
15675585,0.10341544324208692,0
15814750,0.02093874578767797,0
15593454,0.23522761320521612,0
15663421,0.04009143056580861,0
15576196,0.4809435715834464,1
15677324,0.04553645525863677,0
15568742,0.43505567955435365,0
15693764,0.6009551467053028,1
15714260,0.04728832424319563,0
15798200,0.31204914227795,0
15656627,0.013342012184079944,0
15791111,0.3763451692924223,0
15638269,0.02423548053463926,0
15807473,0.02275523380016668,0
15708534,0.935350744193963,1
15640686,0.3576444182258384,1
15588904,0.15573910632690308,1
15768763,0.15388175181094704,1
15770543,0.17817291221859902,0
15642162,0.29234144391832717,1
15714046,0.0287721630465268,0
15575060,0.02439803916167626,0
15812040,0.09193818798380195,0
15812073,0.028142330177442446,0
15706810,0.10600297241383903,0
15584090,0.05989675970132131,1
15810807,0.17331540596898548,0
15582033,0.6363511697925484,1
15687607,0.10405679266330363,0
15588406,0.03749790885174987,0
15784099,0.1649663036039522,0
15701352,0.052931672283468414,0
15789371,0.1623779087589575,0
15602845,0.10381916562335923,0
15707918,0.18821098961461488,0
15602812,0.1865766298821419,0
15675888,0.07868610867067359,0
15591822,0.10085320469121636,0
15738501,0.49666241797063543,1
15585907,0.0367823187435308,0
15579040,0.19933910097308818,0
15804211,0.03810867397324984,0
15736126,0.45454078845644075,1
15745399,0.7372260219134988,1
15760749,0.11259522417142503,0
15637118,0.08111349346617822,0
15657829,0.16970048253631453,1
15738497,0.12296396816933282,0
15690695,0.014790520503911612,0
15762351,0.07575024212128594,0
15791172,0.13891185863247493,0
15598982,0.6226568574195188,1
15734765,0.08038243529383213,0
15642912,0.0910713039039365,0
15769516,0.043468301074682435,0
15789379,0.09895754387879166,0
15695103,0.017425656240350876,0
15801924,0.026097463609113237,0
15767804,0.057149570673656336,0
15718039,0.4622355326155674,0
15579994,0.053179895046664497,0
15595037,0.24524385659086032,0
15600720,0.1912654424423225,0
15782608,0.059606185306963086,1
15566894,0.08565296952142466,0
15749123,0.40201464615126903,0
15668943,0.022232668645025305,0
15577423,0.4456164359104505,1
15623102,0.034740738466331904,0
15728012,0.2518951135092646,0
15683363,0.2006647438775227,0
15699335,0.08838819427811753,0
15574369,0.19689254060842667,0
15703167,0.19729272839979614,0
15754874,0.08096466926414815,0
15723216,0.07039846726123708,0
15725094,0.08990794794894774,0
15647974,0.11655342291937883,0
15583371,0.13708637693703263,1
15772559,0.4007400118550083,1
15711251,0.6652255536136443,0
15719212,0.1305631583514436,0
15764927,0.01989109832211643,0
15731412,0.19221814876864282,0
15719170,0.04221892277390335,0
15596011,0.11630207049590822,0
15614834,0.08789888082444268,0
15600510,0.06522976266842993,0
15625706,0.39512398904269347,1
15781409,0.19252436838883963,0
15722583,0.04470627975023662,0
15677243,0.06601359140276623,0
15815070,0.2737712864281888,0
15705899,0.06005364670462226,0
15701522,0.019026957853546668,0
15755978,0.019669236886911322,0
15722090,0.2434934389777705,0
15783526,0.06216389418755993,0
15632125,0.30022180275634797,0
15688395,0.01509852105951203,0
15666975,0.1421291599192089,0
15682211,0.0979378323974691,0
15637411,0.010759098306170457,0
15591512,0.2473534564227899,1
15606855,0.01931673049327137,0
15763683,0.11391250675250127,1
15641782,0.2009927425027528,1
15677184,0.10912122851558946,0
15775042,0.03511844945819664,0
15616630,0.36151198839324067,0
15800233,0.025476271873432727,0
15588419,0.2458689425999061,1
15595557,0.018485844782715612,0
15626143,0.015951583322339903,0
15566030,0.21139694020870098,1
15701412,0.030841653090942577,0
15702464,0.031909917151643895,0
15573348,0.08746901325391879,0
15704160,0.649654482136425,1
15693704,0.03801003331477431,0
15664752,0.13027314094604434,0
15628292,0.020987528202400404,0
15621195,0.10810637221931445,0
15668629,0.06045341347760752,0
15635197,0.08160748612397678,0
15592761,0.028222967183296456,0
15574283,0.01589672474130334,0
15598097,0.06739358813418403,0
15711352,0.027895461321760837,0
15620751,0.017380332020287707,0
15656717,0.03340998165716669,0
15643121,0.08385707483355366,0
15723671,0.0813766908935626,0
15752846,0.014115092208491851,0
15640852,0.8998221647368767,1
15789313,0.32522919962002345,1
15793688,0.8523003928204448,1
15770405,0.09899916122853684,0
15702561,0.092452039000835,0
15625964,0.43690829116594004,0
15761364,0.016546594601528783,0
15590286,0.2158524603390605,0
15587978,0.10381073889080364,0
15773242,0.009927961198798138,0
15761053,0.727487705315275,1
15702095,0.9058285786037971,1
15764253,0.0985046253983536,0
15700801,0.8199869515348657,1
15730590,0.2284391099525007,0
15643916,0.23512913739240926,1
15720636,0.36995330902426965,1
15795429,0.02606125528498636,0
15609254,0.0960748930996049,0
15625141,0.017434248590315612,0
15810898,0.06419306065573803,0
15775797,0.24297286979640825,0
15795246,0.26564004676191033,0
15795275,0.40947904535272583,1
15571869,0.8787733863636392,1
15694143,0.4847500933270071,0
15748231,0.06152302680233974,0
15632185,0.11603954286005434,0
15806249,0.018615341584671836,0
15743293,0.956431294744915,1
15598157,0.08624574238098714,0
15700946,0.06683796977172161,0
15722692,0.10560337805675223,0
15696506,0.07117811599626375,0
15728823,0.03887628200383059,0
15808851,0.12102521635086749,0
15675231,0.07372867874058711,0
15732299,0.5602020902205445,0
15706269,0.16546041398866398,0
15590078,0.05679149266400115,0
15776985,0.057642138674604514,0
15756743,0.15682978912571938,0
15782364,0.20004016870187236,0
15604093,0.3632028545220726,1
15749328,0.18046718054437377,1
15656322,0.10923288652124508,0
15685564,0.06683280126431786,0
15785831,0.1573476967519204,0
15796218,0.029198315452753896,0
15716218,0.29665309978059556,0
15572735,0.01458741964141594,0
15633840,0.03837669944851546,0
15608760,0.0822909899652495,0
15627848,0.049396286305528316,0
15792029,0.0186514338542397,0
15617331,0.36203974310157166,1
15651740,0.03090490398738855,0
15636407,0.2782205909027502,0
15607526,0.7777948227732419,1
15632576,0.08668001755718045,0
15581505,0.019511776155389376,0
15612207,0.6008106082027094,1
15707242,0.0352613568518028,0
15721937,0.05587257303049941,0
15773852,0.05292875738048896,0
15719778,0.028303930401588483,0
15650538,0.603986736957947,1
15797475,0.36874524025022587,1
15780359,0.11844199105421822,0
15737104,0.5662830598460832,1
15789936,0.030183365459289475,0
15709523,0.05611477802849081,0
15593425,0.9378131131419738,1
15776725,0.30194279839269383,0
15604706,0.3532573286037007,1
15790958,0.014814024403318518,0
15747534,0.5513321845587897,1
15574237,0.020948585996762737,0
15690332,0.062412296537767885,0
15661290,0.4686991233729365,0
15651883,0.959631687457708,1
15808905,0.06188442769130134,0
15715532,0.20823176467585994,0
15786078,0.020624679458866656,0
15652401,0.03085474312469976,0
15673074,0.20972695753475887,0
15598744,0.29642291826505107,1
15785975,0.12041970860499604,0
15613180,0.12511955786271128,0
15584229,0.16726508272140886,0
15773804,0.2402838158491501,0
15699515,0.032880179055837344,0
15705313,0.09568409436392279,0
15693817,0.020057612184020704,0
15673790,0.2568470701359208,0
15674868,0.4031511562413052,0
15692110,0.25543544954125297,0
15645904,0.026590949374126087,0
15581332,0.01696162729975188,0
15808544,0.3901505382975031,1
15734948,0.021498820632036904,0
15654531,0.029496335152372502,1
15637774,0.09918407238873944,0
15677141,0.039822701822295865,0
15739578,0.46588167382189183,1
15697360,0.1980118437085613,1
15655213,0.6888998146580234,1
15580872,0.2129096939340667,0
15683213,0.059864911452528945,0
15801188,0.3335665005798057,0
15645029,0.025850776330025454,0
15633181,0.04387820472418656,0
15598259,0.5288157427494399,0
15576000,0.11050078877050798,0
15766047,0.15253490862925187,0
15596339,0.2912526427938645,0
15715199,0.034135830191323664,0
15615938,0.11720919465670994,0
15679991,0.028055734205144508,0
15626135,0.050275648939089035,0
15792934,0.022912542679554983,0
15744046,0.015079570558330636,0
15700826,0.4191403234680537,0
15756301,0.1497448271360623,0
15586517,0.05317677001361563,0
15751297,0.021086787796993686,0
15710365,0.33953823365367036,1
15679307,0.4622573794482107,0
15610753,0.05224482181678272,0
15811036,0.2064422936952287,0
15610912,0.2331678204049025,0
15619932,0.07020942075260404,0
15746199,0.34120341924974174,1
15584967,0.06907871483471965,0
15734365,0.02130772816195388,0
15726960,0.023102788230385706,0
15665177,0.04088316733091032,0
15779915,0.14435492029429273,0
15729110,0.04779081093417148,1
15575399,0.10750319348184822,0
15678374,0.08684070763668686,0
15792679,0.013033179116881734,0
15668767,0.022996817550924944,0
15761886,0.08351588236139977,0
15583076,0.11143935413410651,0
15815615,0.06416678066870304,0
15591942,0.023233213344678705,0
15724924,0.10497547772651,0
15762123,0.026499878914957586,0
15567893,0.09018301804837023,0
15648989,0.0809066622281804,0
15662021,0.03535345063027316,0
15691627,0.1807302664557216,0
15731751,0.05641303719404864,0
15635277,0.4949510280712997,0
15655252,0.11634715136396644,0
15803941,0.3340469357016428,0
15714380,0.020978423073538848,0
15666559,0.024323470828058247,0
15799998,0.142060734137741,0
15703763,0.15633303902420223,0
15795640,0.15371919225587954,0
15780056,0.17294518153159535,0
15777873,0.24039697266957247,1
15584749,0.17145762999556544,0
15765258,0.024092103877064418,0
15623346,0.020626326290724434,0
15614054,0.017592818565119867,0
15766185,0.0816248590959897,0
15667632,0.03621840816486497,0
15599024,0.023588776958584252,0
15798709,0.061916873066372224,0
15741921,0.022245595969833897,0
15793671,0.1544199608400757,0
15797900,0.8201182906892515,1
15667932,0.06766311666171436,0
15795933,0.13633348371210485,0
15660403,0.054471143236834704,0
15736299,0.1596528916333613,0
15759034,0.1185453123762106,0
15724663,0.045879966247309924,0
15594556,0.07776447260776576,0
15737169,0.07694711194993319,0
15632472,0.0930050857770445,0
15722813,0.09641670048267223,0
15588450,0.18585971880514712,0
15736717,0.0719942958985645,0
15680683,0.07802315870196981,0
15710316,0.3074577191617789,0
15746333,0.9690712151728302,1
15606861,0.01487860227568846,0
15641285,0.26648104365940845,0
15662908,0.06645055204175968,0
15814267,0.04433846460998508,0
15614923,0.11497235282502104,0
15579223,0.18343839566411038,0
15651389,0.08302989555488886,0
15677087,0.18192754182603502,0
15665784,0.08547950581954215,0
15576706,0.22804123104162108,0
15615473,0.038505431384544105,0
15587299,0.7633498458072382,0
15655389,0.1264218010740638,0
15784491,0.19795396397387266,0
15809999,0.08881229635787061,0
15681115,0.062104640348481024,0
15629390,0.10330414242945674,0
15792668,0.13444829376692283,1
15583863,0.7721809782200431,1
15681878,0.2670024069386272,1
15782875,0.03218198022462414,0
15732235,0.09256487982329434,0
15735909,0.5278363572655916,1
15653448,0.013434772282238692,0
15587647,0.2940425116252048,1
15701037,0.028499508184431744,0
15727499,0.17033172832824128,0
15724838,0.6494323783487006,0
15666711,0.9421304112886015,1
15588933,0.07627688080859298,0
15763111,0.09996166298812552,0
15805676,0.05068725306633884,0
15586674,0.8205447870817841,1
15744553,0.07874468704968642,0
15776629,0.05754308223970104,0
15647207,0.018395249461998834,0
15715638,0.014693410260630174,0
15750602,0.07072683491179513,0
15766810,0.33661542456708743,0
15756625,0.06067996308104316,1
15639552,0.40719858165199135,0
15633213,0.6670492876145239,1
15610416,0.26623947538324555,1
15715208,0.12283503895715371,0
15619608,0.8617373688321471,1
15628697,0.19254450991442199,0
15643826,0.014139573140214133,0
15718588,0.039054995479350395,0
15709741,0.10555345622468879,0
15723318,0.9709033477727186,1
15717328,0.04540639910252058,1
15771299,0.39792597160990395,1
15706223,0.0283806524557199,0
15612358,0.05859704875129949,0
15769191,0.14537060620333603,0
15618816,0.3373047137682435,0
15730810,0.12545678096959176,0
15783463,0.024266156874369154,0
15616213,0.8331100893828154,1
15611287,0.021626175537562124,0
15786454,0.41375156351256714,0
15768682,0.12109900970643088,0
15766172,0.08469457027170944,0
15637646,0.08228756056629821,0
15653404,0.13618700063497893,0
15690546,0.9025563116160967,1
15735636,0.338206591974407,1
15605424,0.11119414997567416,0
15568449,0.07288171093660632,0
15688085,0.08683809574141983,0
15683483,0.025436196250875197,0
15659567,0.05482550423939138,1
15766667,0.03272402720320122,0
15624975,0.04168304960923595,0
15660878,0.015988862034257218,0
15586557,0.1755971565005181,0
15746183,0.02456455433028785,0
15631457,0.05564880206707589,0
15754053,0.5946704547313312,0
15645839,0.16448171502019907,0
15689955,0.06329015549059423,0
15593510,0.1866119397409303,1
15654964,0.4866509318120796,0
15594039,0.03179178077350211,0
15625929,0.3907027928979056,0
15815295,0.1579045441438668,0
15621818,0.15203172453347585,0
15652700,0.022035970968034252,0
15636860,0.2810542623092614,0
15569432,0.09670500083612872,1
15751455,0.8158090752810259,1
15800583,0.5595234810189456,0
15770214,0.03075830563997072,0
15613463,0.381634741617432,0
15587066,0.12812118840041098,1
15693752,0.02001221699331067,0
15714874,0.025926575444122975,0
15657809,0.9236163107866545,1
15651955,0.01557664604797456,0
15570912,0.07996409692187767,0
15640266,0.12403214062299606,0
15652069,0.012115497233013986,0
15596074,0.10679818267035678,0
15800268,0.2331611012686075,0
15809847,0.13416452344670485,0
15599074,0.12697086369875,0
15599591,0.11989342851835205,0
15776096,0.0966243289019413,0
15611669,0.777021970680019,1
15694098,0.4376294040408948,0
15713347,0.5899487628990965,0
15713094,0.017719146395582606,0
15811978,0.4673295482014705,0
15799925,0.08289785579283333,0
15692575,0.15409520557742742,1
15743149,0.15325624469064286,0
15776947,0.4863659254147301,1
15700656,0.017982543528806752,0
15594515,0.08894246027023907,1
15787884,0.01968034611268335,0
15577988,0.03673369943811137,0
15795586,0.16101195330169632,0
15677739,0.02215838680740527,0
15720134,0.05104348960572745,0
15688868,0.11014291599253981,0
15642996,0.07552768335493104,0
15771222,0.0462855483709028,0
15605059,0.9454050663386205,1
15568088,0.41912046813047726,0
15665943,0.01687080952207619,0
15795571,0.07043604326662342,0
15662243,0.5141337439249847,1
15593128,0.8463295705322664,1
15589739,0.12302179176053502,0
15787602,0.023204230206720865,0
15685019,0.0867688940046054,0
15704209,0.05689214482412606,1
15605264,0.12079474034134124,0
15708265,0.07300534411938968,1
15740264,0.016935028604666953,0
15615477,0.13601840015179803,0
15727361,0.16281800108393982,0
15760216,0.8007906125286101,1
15806134,0.051576874452626736,0
15601351,0.13293702128449447,0
15669262,0.1467452383300416,0
15696989,0.98190500818099,1
15688498,0.02538097353162909,0
15686964,0.12961921023695988,0
15625035,0.11711616149115553,0
15618391,0.011303621484776923,0
15591344,0.02101643999710216,0
15605455,0.03564638301434895,0
15680804,0.010122632266102473,0
15768282,0.040936212107436566,0
15685826,0.08995727623366427,0
15793491,0.08921101574201501,0
15797787,0.10203928705401671,0
15611171,0.03504344127655787,0
15601627,0.07046065714946721,0
15734085,0.11985241014423664,0
15809309,0.14188759888198346,0
15809462,0.014998133705340302,0
15634628,0.03042576991192306,0
15775678,0.3806384541738389,0
15579526,0.20315772872704088,0
15779103,0.15774885399586625,0
15738715,0.4336968818544186,1
15593943,0.2347334705987904,0
15754574,0.016946767888010552,0
15737814,0.16660435043943525,1
15670889,0.0389845097151168,0
15629299,0.7694389571196704,1
15771569,0.5137779990936492,0
15811927,0.16494407192607075,0
15785654,0.30433710985929957,1
15665524,0.15075572409973081,0
15736287,0.14056849858421844,0
15765732,0.08966401291958169,0
15797381,0.3207136968446544,1
15598536,0.07871368360489761,0
15664506,0.10241113808444875,0
15575619,0.07834562967246951,0
15587394,0.05556779920335706,0
15654457,0.5635483026889213,1
15762793,0.0918687247696553,0
15658067,0.8860558403216839,1
15642816,0.04455385061462079,0
15693088,0.05119474054341072,0
15793883,0.016463001639797116,0
15665283,0.9784700207412128,1
15680421,0.08883490819350534,0
15695148,0.027908730514210774,0
15636592,0.3554221701590088,1
15772618,0.05410462630930698,0
15724453,0.18412668684686573,0
15565878,0.02591303621004821,0
15609160,0.01455677207430502,0
15678460,0.1540251832133711,0
15662571,0.015433823144186738,0
15606849,0.06206505792243436,0
15670738,0.33495922498742947,0
15662641,0.07997217115382113,0
15727539,0.025315213832456867,0
15651020,0.04263767237125083,0
15673877,0.7518000750317877,1
15760865,0.814174046428665,1
15705009,0.8511081787288222,1
15657540,0.3633171820754088,0
15707441,0.04924600034244588,0
15694765,0.8384696259451344,1
15649086,0.02349938977532973,0
15650488,0.29041869029900597,1
15760924,0.16619504663634413,0
15700263,0.8653758216930084,1
15806922,0.16448500426818294,0
15637522,0.09247021176535794,0
15636548,0.07889734360778637,0
15566891,0.5319490108693493,0
15627185,0.08879208645376357,0
15754012,0.06074138336995012,0
15627514,0.07982885790331422,0
15661433,0.17185822896401376,0
15610653,0.02764159924349377,0
15667002,0.05820284919884448,0
15709199,0.3687835968248748,0
15710087,0.9850767457911688,1
15679884,0.9305384673950078,1
15784180,0.3647134329788483,1
15808849,0.09254965692384408,0
15751549,0.04151148502148027,0
15588235,0.06076862857095405,0
15640418,0.5942228427023462,0
15721116,0.05372690032800667,0
15599084,0.1101388572943131,0
15773394,0.017730576386115162,0
15625713,0.13983103417182843,0
15766417,0.06661241661602234,0
15622578,0.10410861625655782,0
15799924,0.2792614294172405,0
15618363,0.05057654282401796,0
15637138,0.016698596121055644,0
15781665,0.2818054525684576,0
15804853,0.6586467901396246,1
15651627,0.3250496052815916,1
15680685,0.08961768533384308,0
15808930,0.34137114945395414,0
15570970,0.038332680851938854,0
15679961,0.14421702571890305,0
15705458,0.03284542457110192,0
15750396,0.008514925243540377,0
15679928,0.06316291146048891,0
15711181,0.18420073464024178,0
15698324,0.12713691402741406,0
15807433,0.06685700742498128,0
15636590,0.06460521180591512,0
15628950,0.1669444587338913,0
15617206,0.13468454702334842,0
15603741,0.09002006591946993,0
15742607,0.1378324201674488,0
15747821,0.22251383114074091,0
15612043,0.08232694913672813,0
15809558,0.09732230638341498,0
15803750,0.14735333438886772,1
15704681,0.07077562972904562,0
15667392,0.06709218924091254,0
15738889,0.10889289462044484,1
15598838,0.1432553130361139,0
15579109,0.0956567808876017,0
15799042,0.13452096348302595,0
15697042,0.12074615472118107,0
15696605,0.45699457653128783,0
15802274,0.5507254584912069,0
15596808,0.05690400808164902,0
15705403,0.24202220580650155,0
15732903,0.059170029280235875,0
15581968,0.015507688826026819,0
15683892,0.23579984094576698,0
15595447,0.13931325986020435,0
15569249,0.9530295829591111,1
15656188,0.030697640296245804,0
15689661,0.013348159121968385,0
15644934,0.06669506352191902,0
15721793,0.663026131732965,0
15687413,0.0324295529285331,0
15761286,0.16840348885095927,0
15658240,0.2133373533914741,0
15706232,0.39213376295680724,1
15583394,0.09400602218879804,0
15715643,0.03114971929645897,0
15644856,0.12401381065936463,0
15785488,0.03149947088545956,0
15711571,0.134405790016463,0
15778604,0.2173490056303116,0
15751180,0.32817120584581366,0
15748360,0.08699661170901078,0
15770039,0.44202623644132344,1
15685096,0.13074218373930274,0
15669501,0.014250647972067923,0
15622631,0.2526803612956759,1
15586699,0.017833031489649893,0
15702377,0.46289300783157034,0
15577170,0.14171885667643427,0
15769451,0.06871281410184321,0
15811877,0.03554714318354591,0
15648725,0.02184059410350756,0
15752801,0.0850822256175374,1
15808175,0.2872242878892095,1
15681342,0.044572387478864085,0
15589210,0.19891486134034136,0
15696826,0.062038333321266015,0
15614962,0.36110505905166723,0
15689061,0.03684956410035824,0
15640074,0.7922889059233841,1
15776156,0.057496912380191875,1
15739548,0.09234291576212968,0
15662854,0.4399503396945633,0
15687688,0.08742074496565151,0
15715750,0.7055719402487203,1
15571121,0.3294612679333374,0
15726466,0.31679352419600293,0
15660390,0.02097352695727855,0
15663942,0.02771483023478204,0
15638610,0.9617518616877484,1
15644446,0.12820556305826106,0
15585892,0.24760892346209223,0
15609356,0.019597236632401014,0
15803378,0.034079622162076204,0
15599440,0.025772335353938303,0
15692408,0.03817167590078534,0
15683168,0.19317548844895727,0
15790254,0.31812158688355846,0
15767729,0.06730883542983973,1
15768600,0.8204894258230714,1
15699839,0.07660819821664654,0
15786237,0.01801883002686454,0
15694530,0.045587632658426046,0
15796813,0.6320060025103894,1
15605791,0.0890605720833906,0
15714087,0.6766854054603477,0
15711446,0.9003595098026689,1
15588123,0.020604135723575247,0
15748552,0.18935948965230184,0
15618410,0.17456476913717883,0
15672432,0.8637423368984337,1
15610042,0.07180210438583058,0
15580914,0.3368480127225536,1
15583680,0.2011529441506442,0
15813718,0.1307534101412423,0
15767264,0.8967708847462063,1
15686461,0.23878637446385614,0
15678882,0.3528639322645817,0
15789611,0.6468992249404603,1
15668679,0.033871422828646996,0
15631685,0.30914880143773427,0
15655658,0.10513647778499603,0
15753591,0.025750903988294355,0
15617348,0.07134719833272743,0
15704581,0.04481341415752077,0
15738487,0.015146710290787685,0
15648069,0.019140919805601883,0
15737627,0.06741253904834284,0
15731586,0.053361789056444946,0
15757467,0.06460185386221919,0
15597709,0.10253609491826901,1
15720529,0.01412942674067949,0
15596797,0.03228519633243658,0
15681755,0.019994344512641017,0
15815271,0.9250722923517305,1
15682860,0.025096061172516757,0
15621546,0.061944493143900825,0
15705918,0.012529582817935215,0
15684512,0.04790859675163511,0
15671769,0.8764252208629909,1
15642934,0.17393336487985026,0
15594305,0.025649512684653077,0
15789201,0.3617156579448812,0
15706762,0.07263334336606929,0
15766183,0.03684146276089658,0
15777994,0.03955320860928549,0
15568162,0.45012908682577313,0
15680643,0.04068918932328997,0
15761854,0.13580154560860505,0
15730793,0.7098182523213257,1
15692137,0.44690416787514375,0
15608595,0.11905204851662027,0
15709459,0.35131389368753596,0
15775750,0.11347301171511495,0
15585855,0.1858665795479547,0
15752139,0.04425739844337212,0
15768295,0.07608283478186416,0
15766906,0.05459729361131672,0
15725776,0.21280066579221837,0
15682576,0.05523325352175951,0
15704081,0.058201251187381106,0
15719940,0.7005102244927984,1
15672894,0.046934974680850096,0
15667451,0.01617026643915938,0
15636767,0.1338336943918604,0
15571415,0.922228169070157,1
15575605,0.01616439570844166,0
15649160,0.08110598635387814,0
15615832,0.07448035122094533,0
15600975,0.8824385017471037,1
15690772,0.12277108115857929,0
15565714,0.1914338781493798,0
15763108,0.8838810649567066,1
15723884,0.030923056756432154,0
15644453,0.5902183873051992,1
15655464,0.16738103993495063,0
15783883,0.5021007943161765,1
15787693,0.13145233472170145,1
15664793,0.29123055305687895,0
15642391,0.9058055310855235,1
15756538,0.18589717792667904,0
15668830,0.10502733899251487,0
15796569,0.4347297343328131,0
15677112,0.06555351125853674,0
15815040,0.5707124258438354,1
15590434,0.12493075261512523,0
15597536,0.4010313258734532,0
15723989,0.04368384293874621,0
15767358,0.480783113559987,0
15594812,0.036915994657943624,0
15688210,0.14323541059794342,0
15681509,0.020291034582386343,0
15572390,0.0234374729892882,0
15801441,0.1568488633002726,0
15783859,0.07725485506230419,0
15575243,0.0753586663143784,0
15773421,0.04973720813854984,0
15788776,0.925822937393489,1
15765257,0.07058115001569998,1
15661412,0.17251069449413275,0
15636478,0.05229320685602005,0
15603683,0.04727562597936956,0
15651868,0.15135063788695477,0
15815443,0.5972697129590564,0
15682686,0.033923759361799234,0
15697460,0.04236759265802201,0
15748432,0.01913102725053795,0
15698271,0.035693699894523985,0
15808662,0.05697017628608575,0
15690372,0.127503482612805,0
15781875,0.01862623095966186,0
15801473,0.034651263117124534,0
15704509,0.0933589568442234,0
15694666,0.21595435306828936,1
15731166,0.04932860246833655,0
15728523,0.13784180537533663,0
15788442,0.376367735163208,0
15689781,0.7455273583678665,1
15764226,0.18910931177036752,0
15809837,0.5474027903788038,1
15805212,0.038210530653090984,0
15716082,0.1301531592510179,0
15643056,0.14212214761477868,0
15654859,0.7963164655098279,1
15761158,0.10486102746777375,0
15577515,0.6991389164121836,1
15723827,0.10991808301150711,0
15646594,0.12362037715475827,0
15712877,0.021905373346880044,0
15598802,0.014542101430207373,0
15699340,0.023954146808235325,0
15691150,0.06555910937034369,0
15608688,0.016735573492600856,0
15737998,0.6317243217204533,1
15735837,0.019358646465068942,0
15659100,0.08518379214463508,0
15609070,0.9656682922617003,1
15650313,0.26516649159206246,0
15627699,0.09910445581167163,0
15591010,0.8081436896733559,1
15798895,0.9058261849468812,1
15745375,0.10896283217006211,0
15775235,0.11523629511142572,0
15780088,0.13668204322163655,0
15649379,0.059546821131692435,0
15713983,0.04774190265585463,0
15709252,0.23352292403576944,1
15699238,0.042678833051630165,0
15732884,0.10693431595472282,0
15587297,0.012593344441797069,0
15684722,0.035031029313381264,0
15621244,0.043103959566079125,0
15744273,0.10040067382357185,0
15682540,0.01973892666903243,0
15636521,0.05599109084409782,0
15785339,0.27357173434240956,0
15638983,0.16023545768111594,0
15654625,0.11002146535388863,0
15697310,0.19641345657069376,0
15678210,0.030168320748642716,0
15575438,0.11061528018690274,0
15632789,0.014343567930038327,0
15621423,0.9431865970674375,1
15573520,0.3107145966642351,0
15740458,0.09236512942057248,0
15762799,0.04658384428322662,0
15686885,0.16674339798747317,0
15565996,0.0310006608697569,0
15662152,0.16146806882303838,0
15711742,0.12713691402741406,0
15701885,0.03736624052106061,0
15774262,0.09687271591402963,0
15567839,0.13813370168713682,0
15644400,0.28005691543934913,0
15797246,0.09151019881622495,0
15778290,0.04602852173002548,0
15708714,0.02468832554354295,0
15586183,0.03490458050344561,0
15761733,0.05397003149683059,0
15773934,0.08657159061008245,0
15705343,0.21322571808927085,0
15593959,0.05173657115784128,0
15664615,0.15251186105679934,1
15671014,0.036623261967598256,0
15657778,0.03116241615453164,0
15585192,0.12134780672974847,0
15592914,0.017248480184966775,0
15770995,0.7847493582523217,0
15570990,0.09823730196619128,0
15596165,0.04077722528556838,0
15788131,0.6352989018212668,1
15800773,0.08383424064151324,0
15690153,0.06461170586447762,0
15638989,0.2042964093789508,1
15623210,0.9844669671795055,1
15652658,0.03240974455964513,0
15684440,0.1387750626059556,0
15730287,0.937566969060986,1
15720353,0.03717657054699628,0
15767231,0.10137138475474672,0
15761554,0.8160328852175575,1
15706637,0.028874051543921808,0
15690492,0.052222174972889925,0
15694237,0.14633004078086845,0
15729771,0.1352846535152009,1
15609823,0.0333305268437901,0
15793366,0.04036773411103407,0
15614813,0.545054916656011,0
15566495,0.19463721232208334,1
15707602,0.25669835077123354,1
15635244,0.018194189030588642,0
15805627,0.015385706947264653,0
15607986,0.08885927924163212,0
15799785,0.07310220304155679,0
15699963,0.08369847181648,0
15624595,0.1137942217501752,0
15629750,0.10163035283659234,0
15651460,0.13409716421109133,0
15753550,0.09080174291045387,0
15594133,0.8996431239018801,1
15772329,0.7099327859321,1
15591552,0.10626866329043941,0
15750921,0.035803959341705056,0
15701687,0.9274456613180417,1
15728906,0.007138318443970763,0
15670029,0.029313967876314823,0
15763579,0.11410321137491104,0
15728010,0.023497960706222044,0
15663194,0.6956416507406179,1
15736510,0.9757156234271075,1
15745804,0.017500429436742373,0
15631451,0.022043415674847355,0
15746995,0.24631766037917688,0
15730673,0.47591096301476765,0
15734649,0.892253084645007,1
15701081,0.12428375836404534,0
15632503,0.34707376059807277,1
15585928,0.11937449634539267,0
15648681,0.9790002819354737,1
15747757,0.9657972395115093,1
15718921,0.05967771858707765,0
15571081,0.2644153427634044,0
15734578,0.4019960203076087,0
15579583,0.13037476738095924,0
15622729,0.0741390749725712,0
15662189,0.10611430854788434,0
15692718,0.03820427772094427,0
15762716,0.8958790109641023,1
15724851,0.22396364564566643,0
15587266,0.10006336006165654,0
15675926,0.24839592895128504,1
15706268,0.5134253385556373,0
15581871,0.10229306511115821,0
15666166,0.045183971784965596,0
15671582,0.06446689014011135,0
15680901,0.03128976930588059,0
15642336,0.05583811000159261,0
15653147,0.07184836186108076,0
15571284,0.10093452102568633,0
15591360,0.03902122832427406,0
15810485,0.33205524829161714,0
15611973,0.06356694678234254,0
15735572,0.1690856604443042,1
15567860,0.2987537768443579,1
15795690,0.06851188362279276,0
15706464,0.04045593306100958,0
15725028,0.012318707257143865,0
15751167,0.04964485024824587,0
15633944,0.07661424096643174,0
15672637,0.14394486326476263,0
15680895,0.325996404277629,0
15793825,0.0324578609239116,0
15611318,0.1342968303765896,1
15768474,0.020577105554447223,0
15716276,0.1371294054352995,0
15623668,0.058555057555305094,0
15696361,0.1414896488090129,0
15607988,0.26751074022045057,0
15637891,0.5053585534132398,0
15789865,0.09654960144783031,0
15627190,0.2098690451608308,0
15788224,0.7213745002894218,0
15702149,0.13464245279992168,0
15708236,0.06127674594689878,0
15568469,0.07422175797462092,0
15764444,0.20030932454971076,0
15794204,0.059635317666190825,0
15807546,0.021283207730735047,0
15782159,0.023157463640764018,0
15618703,0.44642288193548396,1
15793317,0.12317832967448938,0
15740487,0.7451113353016211,1
15722479,0.018520075871465546,0
15688264,0.14073978787935582,0
15583067,0.07968310537622625,0
15686670,0.04030305438353907,1
15593345,0.08685133844304777,0
15811690,0.9373082684814626,1
15734008,0.9457724587857232,1
15771856,0.03281917364750661,0
15762045,0.10712249586173675,0
15778142,0.09073587575038099,0
15689268,0.10463015598212638,0
15721507,0.0716967722776148,1
15750476,0.016491985827576855,0
15810723,0.7509451294950621,1
15787229,0.0316863292633714,0
15570508,0.47811847185528605,0
15617065,0.3206858254426658,1
15689786,0.8776061088100635,1
15648876,0.19744101941204942,0
15802106,0.10880616251722754,0
15773869,0.14238412755540103,0
15711635,0.15777009423674807,0
15795527,0.09089318049022502,0
15759133,0.012303600302346207,0
15679394,0.2368927416379342,0
15801072,0.030794153388099488,0
15646082,0.11446848181528768,1
15796111,0.6131128544925567,1
15670646,0.2592192903164141,1
15578722,0.031139169657582073,0
15815095,0.6333064830214461,1
15730360,0.013466106783965509,0
15763194,0.013320727261364839,0
15720725,0.015681794382372518,0
15567834,0.22185273688532875,0
15720644,0.019065446671567857,0
15811742,0.034792414690093316,0
15813363,0.016438833500828035,0
15717629,0.029912591981947883,0
15713160,0.03718671102104223,0
15568878,0.019345897892055482,0
15809800,0.03615756894748862,0
15736420,0.1853415868675989,1
15757933,0.26401260621010575,0
15623072,0.038303117945825145,0
15683993,0.08914071053897431,0
15570947,0.04208577076228886,0
15797767,0.5967386620218071,1
15731989,0.0500497161246394,0
15591035,0.3916147359791702,0
15586479,0.30298721475764073,1
15605872,0.02676633819940188,0
15666012,0.03823422141696162,0
15641733,0.09917963493594122,0
15593178,0.08499607511124617,1
15649183,0.4522627981087613,0
15736399,0.038067856413753834,0
15751137,0.14956354452671974,0
15757188,0.04177906658118435,0
15726167,0.01711802272766183,0
15624850,0.0310026967258805,0
15717700,0.03413184514895296,0
15716347,0.08151480346870063,0
15696287,0.30651443633532327,1
15638871,0.011776234449984907,0
15765093,0.041692222314944044,0
15592999,0.19584460308048343,0
15641715,0.0143235136798165,0
15607746,0.22839835037635842,0
15625311,0.3175194793412155,0
15573077,0.34284381760431837,1
15735106,0.04166584867403377,0
15672912,0.0945201904065563,1
15589881,0.04084340348725298,0
15660144,0.022984666627032926,0
15664083,0.14663486961494757,0
15690898,0.27253318610303195,0
15808023,0.08111930687082815,0
15676909,0.03391171739461357,0
15764922,0.20698242823145002,0
15766734,0.14062205830994778,0
15795079,0.0217294931231417,0
15757434,0.09560872107702234,0
15673747,0.16697091784536394,0
15808386,0.7717993145213408,1
15603565,0.8479029737412311,1
15744044,0.813063168952227,1
15577771,0.5182713540795235,1
15769548,0.13595802895818523,0
15802071,0.2514235803055817,1
15677395,0.10900087781016574,0
15632010,0.0389879075284688,0
15779492,0.8320643051704193,1
15694677,0.019319012410539887,0
15704315,0.06298546482272221,0
15742009,0.08178260800694806,0
15766663,0.015885988002581126,0
15742297,0.06875685353553829,0
15688059,0.16132065452157468,0
15752344,0.025102654185083145,0
15698749,0.14776269484628435,0
15631693,0.013955625432773242,0
15604536,0.06779984149295204,0
15802869,0.2241430157553227,0
15635598,0.01501542474374633,0
15592326,0.015981933605757524,0
15736533,0.4563221385192905,0
15647191,0.02086543826744648,0
15622507,0.1637003475424734,0
15765487,0.21535315941576919,0
15646521,0.2212929320051963,0
15746258,0.052478846840714174,0
15692430,0.09971386851178632,0
15625501,0.3659083346681824,1
15640521,0.2544962021548027,1
15790630,0.7612539090086697,1
15664720,0.08582856606852998,0
15750055,0.023833081458051963,0
15644878,0.3448818721612772,0
15754578,0.0766240486570355,0
15705379,0.023954146808235325,0
15761047,0.03949766624194886,0
15671293,0.323113851250962,1
15687527,0.02182637870346403,0
15647898,0.9564086850528621,1
15671534,0.9466555286789288,1
15591248,0.06930860242012034,0
15676156,0.05648684518913199,0
15812918,0.047978730552254205,0
15604130,0.5110269231091974,0
15700549,0.05856099579184434,0
15715519,0.02331201074518823,0
15707042,0.11165835915135612,0
15605276,0.025153629464806614,0
15630592,0.7042002845804969,1
15636626,0.05659156221624816,0
15740411,0.05789940359198181,0
15593834,0.08429690947395024,1
15804235,0.04114357940450873,0
15679801,0.06419317449881137,0
15673907,0.019776974964547563,0
15636562,0.06313436333201106,0
15702571,0.9563684445409646,1
15627365,0.10651631835514998,0
15748499,0.1782169570201184,1
15598614,0.014685710210903691,0
15668889,0.979494844352131,1
15800049,0.3752124439161613,0
15583724,0.020055033037543375,0
15622083,0.06089123693638043,0
15645571,0.016300814050970242,0
15598266,0.18173641672594365,0
15667934,0.11725876960464526,0
15569682,0.3945535265677399,1
15772941,0.13718609707338453,0
15586174,0.16097843764887124,0
15803682,0.10756777244652121,0
15627328,0.02717013332341466,0
15717065,0.1546657856115094,0
15602456,0.2231134774315489,0
15721569,0.6908994636339416,0
15573798,0.06709069654009035,0
15638272,0.05471422235476417,0
15799859,0.49718514453984497,1
15599152,0.05026878933415713,0
15737909,0.11827388519150012,0
15646190,0.8645867817007812,1
15711249,0.02213474731735441,0
15671987,0.09072310012539084,0
15812766,0.17741118746002918,0
15778589,0.03241658893177082,0
15750104,0.24320868024646447,0
15784526,0.1886262345394004,1
15646563,0.18034302053108342,0
15744423,0.017051517046314784,0
15593694,0.12918590357223123,0
15785367,0.934039809624868,1
15687765,0.3580871430357235,0
15789014,0.09256135707603576,0
15703177,0.11113636626989039,0
15660263,0.044611755002724164,0
15776545,0.5267353091762428,1
15683276,0.06087502361601138,0
15599272,0.0839511799660515,0
15589541,0.020442880664916358,0
15608804,0.5116230894028689,0
15645820,0.017440697069077506,0
15659031,0.0570464907886234,0
15790113,0.9424930878617832,1
15652289,0.16893015382721527,0
15605341,0.2787302512373853,0
15697844,0.21000815042895768,1
15652048,0.2088390743473138,0
15587038,0.17315937101874435,1
15660528,0.019968616976296052,0
15700300,0.5625755387348691,1
15642001,0.665854230492355,1
15580366,0.36828142569499694,0
15657228,0.07893726835735466,0
15729377,0.013464208468673076,0
15686913,0.18304734047921237,0
15631267,0.1339257260646093,0
15632275,0.1200042150665568,0
15715907,0.7890660451773374,1
15764841,0.11994079961724166,0
15748649,0.20867234570528603,0
15771409,0.7766992225207398,1
15779207,0.06509811781520021,0
15814116,0.06113029906544564,0
15665087,0.1954789030753979,0
15611189,0.2651688739738025,0
15729718,0.5447408306123127,1
15733602,0.016242632332466773,0
15620103,0.1400537807249002,0
15770406,0.1755839624065678,0
15800554,0.007399690895260632,0
15611409,0.027904903870721667,0
15646535,0.43256307338653704,0
15575430,0.04966032681200117,0
15711299,0.622059860921928,0
15642063,0.17302449307647297,0
15706602,0.036592021187794185,0
15592773,0.9603563883971673,1
15786539,0.011211387366496482,0
15737542,0.4063564771143449,0
15590234,0.48765833308657036,1
15773776,0.2205094669228115,0
15728082,0.022642152189273596,0
15609987,0.205575053125101,0
15735330,0.22769122173292627,0
15649430,0.012773244728280295,0
15768777,0.021934613907201778,0
15777893,0.05753324667306465,0
15791326,0.20655503885530968,0
15615176,0.017522378576847117,0
15735221,0.05886882311547524,0
15617991,0.05690084210185237,0
15658504,0.2762831203423625,0
15785705,0.7678045359888129,1
15801817,0.10793953293855288,0
15752578,0.0872862837684021,0
15781574,0.010894059185822926,0
15792107,0.19937542528483418,0
15569917,0.042960277307038996,1
15721504,0.030923056756432154,0
15757306,0.8373294011284054,1
15647295,0.018779992900854,0
15642098,0.11611486110703467,1
15696120,0.03337756093384044,0
15675176,0.24299455823347751,0
15700046,0.05173546620405932,0
15782089,0.15339776335212404,0
15706394,0.08221715150404103,0
15759387,0.19898308636110018,1
15623369,0.8406657849762925,1
15732943,0.11848587736484764,1
15750545,0.9219034311991813,1
15809909,0.12241997741046895,0
15642448,0.055802012333234785,0
15791944,0.9069478444101441,1
15768342,0.9305972580614574,1
15567919,0.03077653578152776,0
15674750,0.036575301981009,0
15778345,0.1277346163543321,0
15687634,0.5601294271167594,0
15666096,0.10501184206069415,0
15581700,0.22726059946311894,0
15656417,0.1371679808637587,0
15649101,0.14252734236164769,0
15781975,0.10050651098213836,1
15700511,0.039176990605413825,0
15770255,0.13119648408582038,0
15643574,0.02255392498411981,0
15595010,0.03841876643374946,0
15580579,0.3517168845801294,1
15748532,0.17583810153460785,0
15773789,0.12131363562894462,0
15600027,0.014835426083712256,0
15620832,0.055886906166552695,0
15568819,0.9678045867692909,1
15748691,0.052442157971260256,0
15583552,0.590858154959904,0
15588019,0.09596060396863038,0
15713250,0.013386396799416883,0
15569595,0.7435844156349537,0
15794868,0.11965387453254465,0
15576680,0.018563669185146757,0
15613699,0.9365749590927137,1
15609758,0.4955596315129652,1
15762392,0.04365383737486504,0
15693382,0.1062530875617961,0
15791769,0.11504278881439102,0
15712483,0.019765533415203113,1
15636454,0.8696600152003169,1
15710138,0.020308009633002132,0
15571571,0.6677444938210962,0
15638751,0.03644074107219042,0
15598574,0.02402509537179916,0
15796787,0.4051074663866342,0
15615670,0.07401583432341403,0
15705506,0.025096061172516757,0
15599535,0.055873207946054604,0
15768449,0.05527365081269356,0
15725002,0.025269881800765042,0
15611682,0.07813777936874741,0
15749964,0.04881648058516204,0
15678779,0.01230487371678178,0
15752601,0.043650228739949615,0
15758477,0.03503284823379441,0
15629133,0.025784568259921804,0
15604963,0.03546168042906914,0
15796413,0.10534761566445722,0
15812470,0.04928193135455384,0
15587443,0.04806445820670975,0
15689692,0.07095012876565557,0
15779586,0.4387851193416692,0
15667588,0.29987950664316526,0
15624423,0.12888287039351706,0
15591107,0.9412121096623387,1
15748986,0.04085558796788331,0
15793896,0.09164571261763153,0
15620570,0.5405279824475184,0
15727811,0.8305594557115813,1
15707681,0.07660162178119669,0
15702030,0.11275685986014541,0
15673238,0.8122192705591645,1
15604196,0.14384334234159785,0
15769356,0.08853959121557263,0
15665590,0.05443288933545658,0
15572361,0.15018605731201148,0
15667460,0.013859332306411254,0
15654760,0.07124276292487366,0
15632669,0.020381684832214614,0
15613673,0.15304585544697352,0
15698522,0.13729902880248823,0
15741633,0.04195342013211719,0
15674583,0.049228382459816686,0
15665374,0.02774884985373067,0
15588854,0.061354030131924,0
15810716,0.10104135939832556,0
15776921,0.17694360422858704,0
15569394,0.04099843478610158,0
15788215,0.13277782131667237,1
15641007,0.10195383126398884,0
15594651,0.07506357077247754,0
15575146,0.29807246134029924,0
15608916,0.09981294563456507,0
15666297,0.9139590846861841,1
15598586,0.035977159306860455,0
15665014,0.019767031884446246,0
15701738,0.45397254064778597,1
15650591,0.5422430489306302,1
15652667,0.020756416173287766,0
15679622,0.13273139762684638,0
15730150,0.1356763374004499,0
15813192,0.013225974517553859,0
15606554,0.06336447845224961,0
15611794,0.21971573566139538,0
15672357,0.030858472084544838,0
15711759,0.0721103899479144,0
15615296,0.867418262517282,1
15699294,0.012781672781244192,0
15788634,0.14855314202096936,0
15660871,0.08239379688392297,0
15618258,0.09295460121705872,0
15722535,0.07664843617587935,0
15711977,0.09606994332036278,0
15690169,0.046288073620453486,1
15790689,0.060824840108203354,0
15665181,0.010760509759176074,0
15633608,0.032590238065821515,1
15805261,0.01414240021630908,0
15740356,0.13856526110285697,0
15808223,0.11665360391918468,0
15769980,0.3297907197818626,0
15675450,0.062353026208745374,0
15776494,0.14938838149706143,1
15592412,0.8077487150912533,1
15777452,0.48934869607520864,0
15692258,0.059684627369993117,0
15791045,0.11956017704331333,0
15807889,0.2461656047618311,0
15602043,0.4972101924730509,0
15807335,0.11344046273890056,0
15629985,0.4766141332821438,1
15679453,0.399746183412975,1
15637315,0.04703725112391301,0
15691513,0.9200341727703463,1
15622289,0.025256571794180747,0
15715184,0.05058278679289565,0
15702801,0.116637007227848,1
15719931,0.022307256609914086,0
15806081,0.5161928515407125,0
15796336,0.02543053165477877,0
15647306,0.08129916915838563,1
15742369,0.016149802894227044,0
15655859,0.03151713554195554,0
15675650,0.12967747777265226,0
15574119,0.2601252880416797,0
15754168,0.3552811419322249,0
15763029,0.33496611125325926,1
15765048,0.01836659363063736,0
15786215,0.6951666295450771,0
15707559,0.020663405542183037,0
15582129,0.9896851339285495,1
15687540,0.02491428293349636,0
15787196,0.045967800520574864,0
15670898,0.8053107775962594,1
15775433,0.02223783821690702,0
15700693,0.014358444933817946,0
15677955,0.21548544530998404,0
15570086,0.07682415741485617,0
15794875,0.021420540749703423,0
15673591,0.9688351539249055,1
15631756,0.05952317669395653,0
15757617,0.5471376124608667,0
15612729,0.05274981111912995,0
15637857,0.13419412525878752,0
15681007,0.970196722055102,1
15593622,0.10930869853728051,0
15629273,0.3694230802723826,1
15765846,0.11397663506023403,0
15596013,0.9597966148742908,1
15722473,0.029524033437552763,0
15774936,0.5298929688965875,1
15685640,0.17277216836054948,0
15566563,0.12667676384879192,1
15768746,0.019046184966399052,0
15689952,0.1817301293982677,0
15725906,0.45163009267162835,1
15634501,0.19527390768997563,0
15571940,0.056621704846074414,0
15741643,0.15910989055186303,0
15806822,0.06570567856504869,0
15701166,0.04059212920821716,0
15718531,0.03606533283420044,0
15628308,0.017764147128249728,0
15585287,0.37667801106701865,1
15781619,0.34372731457211503,1
15805162,0.01883451698829158,0
15588535,0.043406149443655485,0
15775307,0.09485438908410762,0
15777616,0.2724275485726546,0
15692291,0.11759354744681405,1
15680843,0.015390925469302768,0
15606232,0.12145403863571379,0
15641585,0.08033073684744214,0
15684358,0.025098079615277546,0
15806389,0.4690005578191706,1
15641860,0.09787388310916194,1
15814237,0.05469854589356245,0
15808780,0.025202174892810777,0
15767064,0.20363648148366026,0
15751177,0.7373488616199081,1
15613427,0.5849821595187755,0
15647259,0.020069274339922144,0
15748660,0.884059362603315,1
15726695,0.047460182771609016,0
15757473,0.04024778996779451,0
15809509,0.04763975086928379,0
15715512,0.045768109807031485,0
15614168,0.8809378986128688,1
15679818,0.25879979741753173,1
15609928,0.1629030469626047,0
15731246,0.030699791669853187,0
15685243,0.07296575815749687,0
15638730,0.12235782791327302,0
15697034,0.025034793608231604,0
15699225,0.14816800512731385,0
15677387,0.08303046234430368,0
15759184,0.06556082649024492,0
15595991,0.21958874561850406,0
15681332,0.6786507512135009,1
15756299,0.15698038044133542,0
15750547,0.011803288493355633,0
15566380,0.03394310304758258,0
15675963,0.09676329178095512,0
15674671,0.021395971901399358,0
15621466,0.24916125292317445,0
15607176,0.08738560255169643,0
15570299,0.1698009855860745,0
15613197,0.03064268127022021,0
15798885,0.13964265588888716,0
15714883,0.0673905964568934,0
15604497,0.48129583243342505,0
15773949,0.02591030191197868,0
15774164,0.05492881728305185,0
15774127,0.12388474300960796,0
15619016,0.27546070301893477,0
15795759,0.9279041400615579,1
15798844,0.8889879045422047,1
15717962,0.14467080807474147,0
15691504,0.9189814639251119,0
15693893,0.4347923061194367,0
15672499,0.029066061726403004,0
15750410,0.05487274920651623,0
15568904,0.13512847938551514,0
15649033,0.8922328076309005,1
15780989,0.15958855113539241,1
15771059,0.19968779011835788,0
15687852,0.07260672392733022,0
15695280,0.22682077100172757,0
15592751,0.9047427753209182,1
15598338,0.06807486922411482,0
15735784,0.17908361702583336,0
15629128,0.094701793779568,0
15642870,0.24907828814270833,0
15637977,0.20358042287658354,0
15600792,0.023039731541252065,0
15576131,0.029291858190621113,0
15686588,0.06530888358906083,0
15761018,0.5042165566522797,1
15616029,0.017187827213547637,0
15761149,0.19823031367022076,0
15802758,0.11223479795503866,1
15647838,0.8840909674293593,1
15735968,0.021615923349899084,0
15581286,0.235633250620165,0
15625445,0.05548432442690797,0
15600173,0.018925061884333384,0
15635143,0.042104257130342104,0
15664849,0.36527450075757795,1
15762455,0.09664562556567698,0
15797165,0.8922945877568692,1
15788189,0.2376881665996287,0
15780492,0.03137226410422673,0
15678497,0.71413440411713,1
15588560,0.14300414222129562,0
15606003,0.022794967682220828,0
15611756,0.4160868642972869,0
15789563,0.6033023944604464,1
15702416,0.3552420051049764,0
15766288,0.4754067933169336,1
15667633,0.04082162286617318,0
15622774,0.07138125873176009,0
15755416,0.08365877147214597,0
15769915,0.06661164922920952,0
15643908,0.47623545254673205,0
15627395,0.2302908779617544,0
15679663,0.05453425753824955,0
15651581,0.8925321513381277,1
15596379,0.3602438731439764,0
15746674,0.7401233860521851,1
15801256,0.058717690661092156,0
15663808,0.18026171013827536,0
15598521,0.0773944835546435,0
15621457,0.02536701743626426,0
15764726,0.05594925115226397,0
15646374,0.04857043268662211,0
15716501,0.08513775662786884,0
15589948,0.02538695088044995,0
15811343,0.8614586658391493,0
15659677,0.23304476285855957,0
15594436,0.017649119548581525,0
15748995,0.010659863642322421,0
15677062,0.10604838172225822,0
15697201,0.42574077556565015,0
15666453,0.039604487437987994,0
15693771,0.4226148704500533,1
15569867,0.02653443153332076,0
15711602,0.08971025149851035,0
15717736,0.3037971542438057,0
15750441,0.039078544758421964,0
15732791,0.12632669804261412,0
15775104,0.33855077304603876,0
15757607,0.6027919052387473,1
15793070,0.0941306259048911,1
15760456,0.11965653706553891,1
15665385,0.2801246009804103,0
15612418,0.038402040653626957,0
15727138,0.042170881325286964,0
15732061,0.864023663578259,1
15776051,0.0814140101538283,0
15616530,0.2666962753410263,1
15632344,0.19930070400468577,0
15744979,0.21475141381815618,0
15745433,0.1738436313806362,0
15683657,0.1153483105557913,0
15718572,0.23680454525385364,0
15665783,0.0719132342723332,0
15652782,0.22950245139987202,0
15707025,0.022849248215515084,0
15647807,0.15909045168683822,0
15718281,0.10606443056008875,1
15660571,0.10351157531180705,0
15727857,0.029396228895420467,0
15639252,0.03891878080354981,0
15628144,0.05638287046922766,0
15683560,0.05316404099067714,0
15653275,0.6398243524873934,1
15622182,0.0637366436322291,0
15613962,0.048225992124063304,0
15618437,0.013408472446333497,0
15783338,0.040051325275031024,0
15764491,0.03149346810545624,0
15712960,0.09678931309474105,0
15688157,0.03905873043427865,0
15579287,0.016785576059272226,0
15570931,0.9128590967461605,1
15615177,0.05839575811734685,0
15809906,0.045045383741213196,0
15652169,0.0610727502013324,0
15649450,0.08206588306388987,0
15777179,0.016178401878650578,0
15803538,0.9832772808337483,1
15610936,0.01842502741362185,0
15590094,0.14345349281284236,0
15572706,0.20771725108150427,0
15634564,0.06335665072836531,0
15684296,0.051709761805497995,0
15702293,0.02562401873476317,0
15642099,0.029235349471263522,0
15773273,0.07167854769948577,0
15613337,0.07000829563948625,0
15800482,0.024446474403753995,0
15732644,0.8070596267383711,1
15713426,0.16481241243748576,1
15640789,0.10323931288663302,0
15598892,0.023704722598945585,0
15606436,0.05032339320589156,0
15751227,0.4508575824665019,0
15812365,0.1361301599232752,0
15616088,0.11917773118200849,0
15803886,0.059960525749522174,0
15587311,0.014453942440998086,0
15617401,0.01592266732276713,0
15775886,0.17449266187117796,1
15807305,0.2044021253037003,0
15761717,0.03114400791775793,0
15628008,0.1023295618557005,0
15583755,0.0925214426557157,0
15661409,0.41199415158093533,1
15774250,0.24344353319969564,1
15681476,0.22535688978304083,1
15654870,0.0756139891415208,0
15790448,0.22500540153512788,0
15785326,0.06006682685657519,0
15592854,0.061748066087909746,0
15617486,0.7345098883484259,1
15806796,0.1382375945024617,0
15644699,0.16891955962460975,0
15622305,0.09058266519976654,0
15608209,0.06117667141056814,0
15626898,0.09757498523892001,0
15644297,0.07547392041509515,0
15731569,0.005763048164542697,0
15582149,0.031078555450489702,0
15802483,0.023112951059309158,0
15686999,0.048047990705861444,0
15772479,0.022892744473453495,0
15778884,0.04375458224172516,0
15623630,0.7009122300682445,1
15774316,0.0180964453053167,0
15695097,0.09833637918004749,0
15645404,0.48317649764719145,1
15750574,0.021064195831053338,0
15636812,0.16119225468245224,0
15712068,0.19375766778855394,0
15652030,0.7854688092842265,1
15577398,0.07937791236435962,0
15756848,0.2110720687185414,0
15806929,0.07814557580638187,0
15656005,0.20412598444534283,0
15722632,0.6420328799512133,1
15794356,0.10525257046407725,0
15659656,0.08376680235154892,0
15588341,0.1427265552296336,0
15709142,0.09241714259811942,0
15627042,0.025202544777537486,0
15627517,0.0803712261687354,0
15803032,0.24943006630268058,0
15665129,0.0439828053245061,0
15628272,0.1271157206026957,0
15678206,0.4137884085340066,0
15678427,0.0601047743483711,0
15678067,0.10382169899078203,0
15793331,0.02732024954099304,0
15699532,0.15541381876080138,0
15605827,0.027532998420128622,0
15643635,0.09230577517703692,0
15787710,0.041805191929362606,0
15614137,0.041773545458392965,0
15754494,0.10746639068231402,0
15713440,0.8871395126048144,1
15803479,0.0406724610176827,0
15709639,0.059017998055808436,0
15601719,0.1859929529089721,0
15772482,0.8911875468845097,1
15591489,0.12143022474823942,0
15629002,0.07885569286869937,0
15798053,0.01906716961877695,0
15753895,0.026348179513430423,0
15595426,0.16442901722117628,1
15645815,0.05223718853396882,0
15632848,0.20935119562040735,0
15703068,0.10357858598618945,0
15791513,0.09943763907899475,1
15587210,0.7379520705429999,0
15793803,0.05260713016411936,0
15787756,0.6906753661202568,1
15723437,0.02898732171944612,0
15702715,0.01687998433810783,0
15809872,0.0964244669730073,0
15644295,0.10419279143706717,0
15778694,0.08159772251595335,0
15759555,0.03035159872623055,0
15631406,0.7928326289283474,0
15616676,0.23980118528998157,1
15771154,0.03694711248320828,0
15669491,0.24525445397928833,0
15697691,0.27681115074613033,0
15665180,0.1258406006653987,1
15752588,0.01643152757361514,0
15743051,0.05758122222270599,0
15571873,0.0489778210742708,0
15679743,0.0856916757853752,0
15769412,0.10963732753584804,1
15775124,0.017613883834301725,0
15732113,0.4107312412124344,0
15578141,0.16331590304777252,1
15595874,0.045173055827876736,0
15755642,0.013249265302029443,0
15576526,0.01530835007254591,0
15792489,0.03179178077350211,0
15733705,0.04809562855250053,0
15807221,0.01691116624442618,0
15573045,0.09060028448495562,0
15756824,0.5812645550205691,0
15773520,0.09907713910916183,0
15627439,0.04300242065989126,0
15701439,0.9516441906317057,1
15785352,0.1343568016623535,1
15616525,0.08914861755012078,0
15717489,0.22535487535998414,1
15795737,0.22752011029595118,0
15693877,0.36212093030491105,0
15576111,0.2773100759644303,0
15595713,0.12316697991520138,0
15808868,0.813340524966112,1
15708193,0.016952066818075137,0
15697801,0.25820424974954836,1
15770121,0.20612953598175596,0
15800524,0.15423740755989584,0
15686236,0.8678701111513519,1
15659807,0.08898205828593699,0
15736078,0.29994934294595965,1
15620836,0.09855712556073518,0
15698184,0.3928133671199388,0
15717643,0.04789006986219444,0
15776596,0.23207762851820354,1
15814757,0.023588776958584252,0
15812607,0.5290882980359725,1
15663888,0.05506787111122826,0
15748882,0.01906716961877695,0
15690829,0.7651925122854311,1
15695819,0.243780564501348,0
15696834,0.028095897347001134,0
15797710,0.112808739340643,0
15700654,0.1080090333547923,0
15583764,0.20242383689596385,0
15688849,0.9639279959370074,1
15661473,0.8375716246028072,1
15601030,0.16584178004926073,0
15789557,0.1739720299678594,0
15745250,0.8962770974840077,1
15590349,0.24820268524060143,1
15741693,0.09025583049247086,0
15618446,0.1147267367395162,0
15766552,0.02084704037471455,0
15668775,0.4961952916704378,0
15757895,0.15671582928805666,0
15774551,0.07311302007603675,0
15684011,0.15143571767424574,0
15736146,0.10689957296661914,0
15656286,0.0292845222394122,0
15774847,0.5506218360371746,0
15619340,0.026171420439595465,0
15815656,0.49401739815813206,1
15623357,0.12363588499605456,0
15601324,0.12057593737508089,0
15715510,0.030746496018920592,0
15663770,0.04858791937476759,0
15779267,0.12406730726038677,0
15597957,0.03182189990550788,0
15584620,0.4960640630191587,1
15750772,0.07934992367835361,0
15706557,0.4838082860295581,1
15594391,0.9491637427038593,1
15661656,0.05338172105059141,0
15631217,0.1037531632971915,0
15588955,0.9329959605284339,1
15758252,0.12948671585734672,0
15740223,0.961353912363552,1
15805413,0.07178994224932189,0
15635116,0.9387523672963262,1
15764892,0.2185493386637898,0
15795936,0.1813565921755623,0
15655232,0.06685748772876786,0
15640133,0.025492236247956462,0
15751524,0.2008368607600732,0
15670552,0.09963770294346018,0
15623966,0.038366793849585454,0
15752193,0.07231187574645355,0
15607269,0.2943806042372747,0
15700752,0.020109802089014736,0
15777901,0.7449738946500294,1
15639117,0.2308457350981753,1
15720203,0.16273385814578342,0
15586236,0.8285703562348552,1
15676645,0.06434288535414974,0
15715988,0.012827237579774112,0
15603749,0.4877734447858541,1
15608956,0.12103861057851664,0
15733872,0.13480518964985747,1
15666982,0.35382745704172885,0
15602647,0.4144729360882421,1
15623063,0.2850744064049228,1
15682928,0.103366364185705,0
15729246,0.010554046685162443,0
15588928,0.06541536808594058,0
15803352,0.04152569145211853,0
15607485,0.032679918364065516,0
15656249,0.03838622674376245,0
15761783,0.18097243742764355,0
15716605,0.11727361618976548,0
15757425,0.03078614132795003,0
15603096,0.539472801952522,1
15588580,0.22015817888631015,0
15770539,0.045031136324650445,0
15572022,0.18409593258985207,0
15571843,0.12393218690535444,0
15752502,0.1102273198334534,0
15609058,0.031093333919843286,0
15775108,0.021682004525334406,0
15708904,0.20063284768957512,0
15600086,0.24232274536321965,0
15814675,0.43572680455156576,1
15572777,0.19190442904048557,0
15585106,0.06776511864362156,0
15738936,0.04799723221759555,0
15750970,0.10615413957647708,0
15725772,0.03411174363271327,0
15692106,0.8801347790498165,1
15791533,0.9087443109105792,1
15715715,0.014002963773567002,0
15785576,0.5684344180842577,0
15798834,0.19761404801316493,0
15744127,0.030703352550933212,0
15637427,0.018530177922484833,0
15576990,0.1869420713819325,0
15615352,0.020659441418258873,0
15647333,0.07653476394780843,0
15572050,0.6684071957510282,1
15581370,0.04345317970393685,0
15813503,0.04561597629293582,0
15769783,0.14314712637824448,0
15793135,0.11908239223535771,0
15599182,0.028160062760850573,0
15689517,0.09020247368521722,0
15641366,0.5556616764563382,1
15588859,0.8524187544441197,1
15732293,0.013556491042383271,0
15568032,0.7608951377069941,0
15623525,0.05301753635148781,0
15606601,0.12566827398210412,0
15800811,0.0943594629675802,0
15610711,0.5469438142603962,0
15809654,0.2177440177746162,0
15576077,0.06381329841320141,0
15643378,0.11732361230776835,0
15566790,0.03364950306418536,0
15774402,0.17679145961950624,0
15694641,0.10564377713657545,0
15605916,0.8191896771833026,1
15812356,0.13514788483028659,0
15644179,0.043278843203566945,1
15771674,0.0821118763198664,0
15623314,0.4756146041066747,0
15613292,0.01850919442771365,0
15813871,0.13007413120957756,0
15759480,0.188856588853724,0
15587712,0.10491147275311695,0
15671165,0.07011959711159647,0
15620746,0.19393155776889145,0
15706537,0.6257996031484447,0
15589312,0.07923990440914068,0
15741180,0.19419329787177816,0
15733888,0.17446615034533994,1
15798532,0.021867115125674075,0
15577359,0.6679355930526298,1
15614936,0.2764612357047944,0
15747647,0.03402999835748837,0
15588566,0.037410581354142616,0
15570141,0.08908735970193289,0
15800793,0.3075468668431444,0
15572415,0.012834858342465564,0
15635125,0.0988840961886258,0
15636551,0.05325587091068139,0
15600912,0.03725638712563083,0
15768476,0.014116726763363003,0
15650266,0.05689012380803772,0
15621004,0.27958683201635226,1
15748352,0.061944078585977974,0
15788920,0.09009576943740216,0
15743236,0.892488840174813,1
15637717,0.12248285969212519,0
15635500,0.06306248808384911,0
15634792,0.04279494734526174,0
15607560,0.03839232203825643,0
15727177,0.2832814310202012,1
15774358,0.9543380499038013,1
15791304,0.06170708399065711,0
15603328,0.039989508816107786,0
15804937,0.1668771247301292,0
15804142,0.8605610919834072,1
15608845,0.09972064168396819,0
15702434,0.016156296154887406,0
15632609,0.2760774713340399,0
15603550,0.062055564314582694,0
15755239,0.04050317249519984,0
15670528,0.6846705923213561,1
15732704,0.03398262502222305,0
15589019,0.10564368239765763,0
15677796,0.8369127934799188,1
15760177,0.06170155963764894,0
15636595,0.04267557537232879,0
15737275,0.09527901284111055,0
15672905,0.03927883265752101,0
15753955,0.040054684602250826,0
15708504,0.5792171815086674,1
15592451,0.017938750618312495,0
15790455,0.555534519036789,1
15572174,0.025150348922540932,0
15656330,0.09437646073934584,0
15569626,0.06807739248539843,0
15608726,0.01217073238926415,0
15637366,0.06794651033077218,0
15778049,0.25323310414848343,0
15727421,0.024300904864700372,0
15688865,0.021699374109312854,0
15751032,0.09549452791328447,0
15734737,0.09288062594819764,0
15746515,0.8919889973260955,1
15664311,0.15444952199141554,0
15708139,0.2701784254768929,0
15768574,0.2743465487167543,0
15738018,0.03349279941844265,0
15699753,0.19328638091848097,0
15703199,0.10295179800570343,0
15627830,0.14262130330390932,0
15570855,0.014542073940407657,0
15772503,0.026136257484644543,0
15584453,0.012782748705209394,0
15710111,0.01569100410150413,0
15618562,0.47396634107202945,1
15706764,0.04496775349726163,0
15798737,0.022512958517456202,0
15712608,0.05807010523135518,0
15636736,0.1563523866466551,1
15703544,0.16489986832250086,0
15815645,0.03433592379432655,0
15705739,0.1694323880532197,0
15709643,0.3120261766883589,0
15669805,0.17373126461297353,0
15737489,0.45393686133985756,0
15775131,0.03229081967586997,0
15765283,0.09815051484374146,0
15628715,0.02254691526319164,0
15813283,0.21536456588872652,0
15745716,0.07153461285529734,0
15598485,0.19748293704718917,0
15696552,0.03874212292955867,0
15754569,0.07226484418794939,0
15701741,0.15917284603737442,0
15572631,0.08842781492913075,0
15636069,0.06673669198125715,0
15682467,0.09144909412807191,0
15790744,0.03167239691659121,0
15625023,0.17918831827500759,0
15731267,0.10105082642748645,0
15742879,0.06876840954286917,0
15757015,0.5963312325164148,0
15770711,0.15688969772725153,0
15569430,0.18571240428634336,0
15617304,0.020629399508257013,0
15704466,0.02987255723589369,0
15664681,0.08868096602501604,0
15605534,0.8658696427647701,1
15792473,0.9607956531082497,1
15802625,0.3544952413436916,0
15766017,0.2890106222694286,1
15762172,0.02936198165922275,0
15728333,0.29978506744585776,0
15792868,0.2995824162610379,0
15605698,0.8139631864548141,1
15777060,0.2202715424690003,1
15626243,0.06609358942145985,0
15719898,0.03895166603252044,0
15599976,0.026671830427078984,0
15752809,0.3005362067526857,0
15589698,0.42203723538645393,1
15609977,0.4269536722750718,0
15750121,0.15906103260058466,0
15734177,0.012152763246850763,0
15781347,0.04866337689970119,0
15592025,0.06436751825472137,0
15670163,0.022642541512219484,0
15765402,0.16763422855905266,0
15624343,0.557468341425099,0
15602354,0.21377571548711766,0
15579183,0.027873325118933406,0
15584899,0.031977823120123844,0
15723658,0.032679918364065516,0
15803965,0.25769469955241836,0
15682489,0.026935872236977815,0
15813645,0.13914398035255243,0
15766787,0.02254691526319164,0
15687171,0.10134793698512656,0
15690744,0.11644948590885482,0
15707974,0.25628047113235575,0
15673084,0.09142189043583908,0
15814772,0.42519686529417183,0
15743709,0.061766609227444785,0
15610343,0.03329825022253123,1
15737414,0.08986206594809361,0
15788480,0.510712081081295,1
15568519,0.041339114966957316,0
15792453,0.27324245607758485,0
15658100,0.05036524558639554,0
15695197,0.08086077995424694,0
15749807,0.030949015977449555,0
15773876,0.030794153388099488,0
15591698,0.8761762735628659,1
15712813,0.9646381051615575,1
15763898,0.09395829397927292,0
15793324,0.251014417701377,0
15757759,0.937486091508435,1
15796230,0.9317692793985145,1
15611729,0.2797111737591631,1
15709531,0.144409323281207,0
15650751,0.021109676426413385,0
15641413,0.41490940705790713,1
15753840,0.1677563965477022,1
15669994,0.09627813247452013,0
15695301,0.19305415454330302,0
15792004,0.023395393803377032,0
15603035,0.013249265302029443,0
15717286,0.3077752046136521,1
15577107,0.5606156310746709,1
15754747,0.06728649376215154,0
15705676,0.06396846322986648,0
15751912,0.017717860593997728,0
15677336,0.9641190629287844,1
15684395,0.3346888150195166,1
15659949,0.02113132310080876,0
15812422,0.024056011110447494,0
15806941,0.1005854974862279,0
15637690,0.24617667837494972,1
15632882,0.10721142502950734,1
15807107,0.08606363661734626,0
15661034,0.3298916525011681,1
15811958,0.17242153687075124,0
15785167,0.015099325840728532,0
15646720,0.9675382512763756,1
15658614,0.08769886573620578,0
15704657,0.1348588423082867,1
15567147,0.01709339012891602,0
15701319,0.13108478378307115,1
15745266,0.3971137915336424,1
15650437,0.060112625686810785,0
15764314,0.11375047458244382,0
15612594,0.015208168347341856,0
15593501,0.0710951580553417,0
15804150,0.012833352267314148,0
15649297,0.18472988624855413,0
15641110,0.24695713198799443,0
15660608,0.2663798725280828,0
15806570,0.873178763496575,1
15715345,0.018512665518235983,0
15755521,0.2289724337272614,1
15579074,0.09558446039600726,0
15641158,0.20800521543849965,1
15752507,0.9140700148926159,1
15597983,0.017741195653910632,0
15586069,0.13414685836985002,0
15655082,0.934416099357617,1
15720155,0.16413639144089423,1
15582116,0.49057782656506,1
15749365,0.026209539335721416,0
15632069,0.0536668953065231,0
15663134,0.14899584982068179,1
15766683,0.21700926639803814,1
15707219,0.01893620765999734,0
15709232,0.22640346687607663,0
15801351,0.026710379822727878,0
15578747,0.06004960231321976,0
15675626,0.1200042150665568,0
15583736,0.04002531494307065,0
15590011,0.08577789170417198,0
15609913,0.7681015418798268,0
15719479,0.11173154836982455,0
15575147,0.08256087119533662,1
15597309,0.021367681486244617,0
15648367,0.03337213594826573,0
15758031,0.07147507379695749,0
15751771,0.12890150967675232,0
15689288,0.03356703985256141,0
15731026,0.1467970278118144,0
15775809,0.1467320367059641,0
15743076,0.0948434024972907,0
15658258,0.25644921343446436,0
15756321,0.7200565524099665,1
15706799,0.4366093827496956,1
15775703,0.03982975702221082,1
15642636,0.0651786922173578,0
15704651,0.01486002228146474,0
15806771,0.19868962158531095,1
15566735,0.14818881215500065,0
15681671,0.03044486889376055,0
15775949,0.15378603759967885,0
15586752,0.10657013439338363,0
15582519,0.273762070722884,1
15658233,0.17674301222320973,0
15755330,0.38177575515156786,1
15605072,0.34510746268775766,1
15617538,0.02554672924980381,0
15591428,0.01994835636325696,0
15692142,0.7283868523302601,1
15692931,0.03135685291514534,0
15781127,0.05889579323253157,0
15677136,0.02964996062029221,0
15677828,0.025183080493942193,0
15567897,0.12866389435315956,0
15793641,0.05853444974783806,0
15678333,0.02242812621809391,0
15630511,0.029672117754652397,0
15792627,0.07278282529382712,0
15717191,0.21666939750517983,1
15625716,0.07973970057502794,0
15710053,0.19691120418109015,0
15580043,0.07164648147675567,0
15601410,0.9685963055276846,1
15684669,0.28597018273643976,1
15619083,0.024135136247820384,0
15692207,0.11969725884679967,0
15730705,0.10719940590855315,0
15749688,0.017814603698673662,0
15728542,0.0206935821289467,0
15760063,0.013574318028969013,0
15658982,0.911924685125591,1
15758769,0.5449223626331602,0
15778481,0.1531553142644928,0
15661162,0.7203065577232213,1
15568164,0.020627985065425444,0
15601569,0.2998728876555378,1
15772383,0.09221721125694722,0
15667456,0.04656774707986618,0
15672983,0.07150678837506254,0
15799534,0.05666871163209647,0
15582847,0.017978224708362352,0
15612478,0.9364809336535369,1
15709621,0.014998133705340302,0
15802009,0.020989793364292533,0
15698816,0.07553441158562055,0
15574830,0.8439825392064891,1
15603082,0.21288065230509845,0
15685947,0.16095497729723707,1
15643048,0.0423554793326299,0
15807568,0.16186072096937043,0
15597591,0.045100840490493496,0
15747558,0.059167536613470205,0
15756655,0.030654783793990864,0
15589949,0.09450815916558211,0
15601012,0.8613974347534115,1
15724269,0.010870542423310406,0
15567506,0.34330752048995766,1
15791877,0.04848152423138922,0
15794360,0.6019500098942008,1
15686538,0.06102733645122288,0
15585985,0.5057152284653544,1
15699257,0.06184760519570641,0
15804104,0.027292555499337637,0
15727619,0.9580625915512897,1
15740237,0.2409986666161317,0
15801436,0.3314465632701994,1
15705735,0.03860084966806328,0
15649359,0.01814642738955239,0
15624892,0.0928425867980274,0
15784918,0.1077338440710013,0
15584785,0.10296032855936456,0
15797197,0.01950082247416956,0
15574858,0.16322445494688625,0
15794101,0.14120173356385757,0
15743245,0.20929545359182836,1
15791535,0.07762913744622302,0
15605215,0.0808926804003192,0
15771749,0.10248388407203603,0
15616833,0.012964276156209684,0
15750728,0.42901619980039674,0
15769353,0.280449309768187,1
15770091,0.058556923421554906,0
15716420,0.11186618894085011,0
15740602,0.14165704561021825,0
15796071,0.1014464036578136,0
15811389,0.10418440222501586,0
15783875,0.027978411463333776,0
15671800,0.02087037464254199,0
15677288,0.5287541339072522,1
15633525,0.01544253940323077,0
15634606,0.08446582353763996,0
15579207,0.12256050648182787,0
15619892,0.01855892035119593,0
15567778,0.6346959766755903,1
15711750,0.02248931733303674,0
15751084,0.05714181133528685,0
15768945,0.04569794122004939,0
15586931,0.14201021297012947,0
15636353,0.025601539793036653,0
15623858,0.5549710381935519,0
15703354,0.10908089469513342,0
15663987,0.7019850412161484,1
15780805,0.04332346562216157,1
15768566,0.01037298216826827,0
15643229,0.018817241416931252,0
15754940,0.23368812148476628,1
15676576,0.37410979129206384,0
15800068,0.08464855611284951,0
15648030,0.07161327424723352,0
15668594,0.126780446238684,0
15728709,0.14365210240769324,0
15724181,0.1462462656743655,0
15647546,0.05649696075006838,0
15702601,0.0612354268544917,1
15567725,0.151740532555071,0
15674179,0.13718847002270199,0
15686957,0.06653292894945786,0
15607690,0.4814810010962196,0
15806546,0.6382832950863518,0
15632850,0.016826008687409848,0
15709016,0.8369510163794375,1
15638068,0.019705198227989454,0
15749345,0.07065457513634288,0
15791321,0.9447992176120679,0
15699095,0.2328699232540647,1
15638329,0.08711787649653989,0
15575445,0.17650009698952412,0
15752622,0.1838142437226299,0
15774507,0.16183252000267143,0
15570857,0.16794465154034466,0
15599386,0.06685778782115112,0
15744913,0.08240115513560001,0
15647292,0.8044976240229647,1
15728838,0.4689787986182091,1
15584704,0.5320969678885281,0
15749068,0.21330472189266445,1
15622985,0.3817637326723956,1
15587676,0.0897139621541736,0
15779496,0.1216161403535499,0
15733460,0.017687555519487114,0
15711457,0.1038263083099724,0
15795290,0.2892731579388755,0
15611223,0.233946923953196,0
15794159,0.07631763158489202,0
15780677,0.09370431098821587,0
15690175,0.13016840688523362,0
15722599,0.19274412087521445,0
15569976,0.3245391751149612,1
15707011,0.46917424944052555,0
15702277,0.05334078737043197,0
15801915,0.13247064213553397,0
15580213,0.07564618953110716,0
15637947,0.03674640794563123,0
15715888,0.1081337368573235,0
15732967,0.011280567400767444,0
15737047,0.7930751045211366,1
15694039,0.4772781283241554,0
15649457,0.11863579998140875,0
15742809,0.1287974142967265,0
15637829,0.02311337998879462,0
15633194,0.968649472924352,1
15611635,0.26729956718984027,0
15638774,0.05704043144900119,0
15722037,0.2127688025822741,0
15672930,0.0235863468338368,0
15668774,0.28403672612589403,1
15780966,0.030307562349809566,0
15659694,0.4074922764464241,1
15624424,0.11962058884786379,0
15708713,0.015319187372586697,0
15755405,0.3502072072961222,1
15647570,0.599036043216631,0
15684348,0.0424854766896445,0
15702541,0.9280336528794175,1
15646942,0.03960786390704023,0
15748920,0.13935031507762616,0
15694581,0.017415269119060026,0
15643215,0.03669317233815923,0
15649060,0.0630489480686514,0
15774258,0.024600084120118697,0
15731553,0.026746215278356075,0
15617029,0.03240577150117026,0
15780716,0.1044040364555211,0
15577018,0.22655491323015572,0
15809515,0.1365127289602275,0
15789924,0.26442066484837196,0
15725076,0.03894934013612735,0
15672481,0.02150198260200018,0
15574115,0.05429522164743883,0
15661830,0.02618194055065477,0
15665879,0.037147308920508174,0
15673820,0.016824219397643458,0
15747772,0.04576795871006666,0
15666197,0.2573697586798734,0
15773639,0.23040046659145513,0
15581893,0.15666531886818094,1
15672447,0.28095847700783994,1
15777830,0.043224404764222644,0
15713890,0.03460951101734825,0
15577598,0.04508489163186501,0
15786042,0.16604171712367832,0
15753462,0.02509952843510451,0
15759690,0.020848425811366644,0
15801414,0.045093475857361176,0
15656141,0.137727456611382,0
15608701,0.2523785192980555,1
15582892,0.18870559460351058,1
15632967,0.015398050317312275,0
15587573,0.06176701096727128,0
15654891,0.016161087531533464,0
15611365,0.13770880637956284,0
15749103,0.6995330393047264,1
15810203,0.13900132273183008,0
15813660,0.10556573853627792,0
15605673,0.024508111601796462,0
15669282,0.11765440500369771,0
15792726,0.04513495136816334,0
15593241,0.0394107226424452,0
15683053,0.7982325016163336,1
15632736,0.04048655729601537,0
15731865,0.013291718889853412,0
15760450,0.04943779944839226,0
15787204,0.42285022606554223,0
15650454,0.05966946958722139,0
15573730,0.1298939784785099,0
15705050,0.013057026854620851,0
15791342,0.040450166930365454,0
15684316,0.12454526399902868,1
15700540,0.358560732527021,0
15770631,0.055365728448833536,0
15790594,0.019743098068531497,0
15604020,0.2218270569028423,0
15637599,0.7272888698841621,1
15736578,0.20581100804355407,0
15666332,0.10644866856403698,0
15727291,0.044457218719086374,0
15785920,0.06781450604689962,0
15658987,0.17589048225001797,0
15687719,0.034207266510688554,0
15799641,0.027648373962088458,0
15758702,0.11907710652127841,0
15689526,0.3444721339662696,1
15586848,0.023780837178617446,0
15707637,0.9629021303478968,1
15719426,0.1995417309370419,1
15639265,0.7524545131475505,0
15576124,0.2806680191313743,0
15757829,0.23798061296018,0
15633227,0.09764748556243609,0
15753092,0.2507115071798375,1
15782939,0.2101553692536785,1
15746338,0.04109924401564235,0
15590676,0.07635062459302473,0
15599329,0.9878072437806837,1
15783097,0.21540853213699157,0
15597885,0.032257989502681765,0
15597467,0.07365380413697514,0
15724764,0.09748056871058851,0
15778418,0.2614218290564516,1
15684769,0.04862018148462166,0
15756167,0.24933619208910243,0
15632439,0.032556713674193494,0
15755138,0.011793574603204886,0
15659092,0.4109996868070849,1
15742116,0.5100023679633945,0
15801994,0.02018452771040425,0
15647572,0.07136295742005909,0
15644551,0.07677458397284452,0
15709135,0.06444702512392024,0
15684469,0.1983059697679139,0
15627637,0.03817893194736467,0
15667093,0.14179263466882042,0
15690589,0.17579763217127445,0
15595350,0.05281217518476694,0
15777586,0.10187329818291531,0
15804064,0.12804070651981947,0
15717770,0.9219207370922277,1
15754443,0.15768373966719654,1
15776939,0.6293105760238952,0
15713517,0.0694652357063686,0
15683522,0.266178355735168,0
15673995,0.7970888906248579,0
15771054,0.03012008779474216,0
15578788,0.02940090726300223,0
15737408,0.23177083992014144,0
15750837,0.39271766432943644,0
15576022,0.02148557194072971,0
15635502,0.48878570614624695,0
15627298,0.049859448470199894,1
15811415,0.060457076495116974,0
15645059,0.022882603729391483,0
15689671,0.08555690038449147,0
15718667,0.05479315041074572,0
15803202,0.9096756297510014,1
15593683,0.02881914059981903,0
15703394,0.017823143079368126,0
15570289,0.583893592204377,1
15567437,0.15258146454536053,0
15711687,0.11950763848100665,0
15656592,0.13657642854488725,0
15634373,0.015544242345513402,0
15769125,0.06224054318578625,0
15711386,0.019510309488821397,0
15714241,0.7399947554534549,1
15642530,0.8798228190683626,1
15713599,0.05924465696899292,0
15744770,0.05100256615749936,0
15780498,0.05829118515746795,0
15624397,0.17264456355462676,0
15615219,0.1697946156846097,0
15570908,0.08552462721677559,0
15762855,0.022807245872310228,0
15661827,0.0818964561395584,0
15746035,0.02908058092469248,0
15691906,0.5874396502304811,1
15793424,0.04200537086522417,0
15577905,0.039330227062814895,0
15667216,0.043539225315889475,0
15673971,0.6428096465851914,1
15701238,0.13863832333682963,0
15644849,0.15935204015248808,0
15635531,0.03643557428289,0
15632263,0.09310606571958138,0
15720110,0.028354291542820848,0
15619045,0.07332010334463201,0
15697510,0.8581430507814394,1
15784923,0.23689895518556572,1
15567383,0.19093568677552852,0
15732621,0.07338971541917992,0
15757981,0.11937939650756657,0
15727819,0.10061371482870506,0
15738088,0.5474833720913721,1
15765173,0.9857259320769495,1
15665159,0.2695021446804648,1
15618203,0.30852784293926533,0
15791452,0.025782730771904544,0
15638159,0.16185873536694578,0
15585466,0.019287327997743856,0
15677310,0.940345479340505,1
15646262,0.13631978028285252,0
15656901,0.04761109261694915,0
15621093,0.06114639994441953,0
15592123,0.02139654671320557,0
15589200,0.020108919153171177,0
15602934,0.058053965251499876,0
15812720,0.06712383683210407,0
15695383,0.060654602016121266,0
15723064,0.04341219791455099,0
15761606,0.1662754821221579,0
15650322,0.06120330982285449,0
15669782,0.5525171267584464,1
15751628,0.18300974345828022,0
15809057,0.029653824542630595,0
15617052,0.21504231525985582,1
15590810,0.6610870859600593,1
15801293,0.044257667644734815,0
15770968,0.09019874962971862,0
15572356,0.023698091579737353,0
15603247,0.33604551213654493,0
15619116,0.033810754134132544,0
15691792,0.25282673022896823,0
15783276,0.01854970597302154,0
15766137,0.013457824366142302,0
15574554,0.08550279247245916,0
15578671,0.7391018269352247,1
15716608,0.429601182476554,1
15690670,0.013133477901451869,0
15630466,0.5611834152542086,0
15630349,0.022097723916293065,0
15803801,0.029210938251310447,0
15647890,0.05714332830859473,0
15606115,0.4996431407633466,1
15714642,0.3879655928472156,0
15741181,0.09652155942399904,0
15773973,0.027668528355656422,0
15758546,0.014070243662306704,0
15598940,0.040761397671154796,0
15669783,0.1877060486639436,1
15624993,0.09579786155751822,1
15760568,0.1308616681339741,0
15699047,0.03170350536569461,0
15616168,0.0922739390883964,0
15773146,0.027412239090070838,0
15770375,0.16007204833492555,0
15589725,0.16308263119434635,0
15710034,0.1810279698057202,1
15800806,0.037253519551443626,0
15570485,0.18573593717294576,0
15575391,0.021676713450197473,0
15790750,0.16152718779636197,0
15714832,0.21578617054559904,0
15619953,0.3243288200437447,0
15673929,0.03160794158409732,0
15578835,0.3878220716268711,0
15752388,0.023635328403334974,0
15797081,0.46386231651372883,1
15570194,0.02118989286849762,0
15580149,0.029716318638645132,0
15777708,0.04083497041381275,0
15769955,0.05096955902135418,0
15810444,0.4839326228648451,1
15645593,0.2786881214070114,0
15765345,0.01617026643915938,0
15760873,0.3118448685543456,0
15794178,0.08368236840986788,0
15589361,0.09834386903447453,0
15662483,0.026932051655734392,0
15809736,0.4311263063906017,1
15731148,0.04262713358335482,1
15774328,0.10684138551756477,0
15646969,0.012741187381628664,0
15718769,0.11225316926801565,0
15610226,0.042140010898398,0
15616270,0.13843883541793858,0
15790717,0.020617648760202046,0
15635703,0.28026839556498057,0
15616365,0.3671159422645273,0
15630244,0.055437440738130145,0
15734714,0.10968497402515831,0
15721433,0.07075083635444114,0
15590201,0.9543100247870313,1
15590828,0.47052728039592334,0
15752097,0.10676742584028749,0
15800031,0.1767267146878771,1
15630857,0.030387300956058252,0
15689953,0.2441702519776073,0
15759733,0.01968083482422294,0
15810826,0.02058587355190625,0
15668009,0.024375431906232353,0
15743456,0.021974445929567762,0
15725762,0.07727657059327614,0
15761713,0.5075949634372154,0
15769246,0.9354649317808472,1
15781129,0.03704167132955814,1
15599124,0.030864622870938992,0
15639004,0.007429542419381226,0
15810995,0.16164006966209324,0
15653773,0.12593443476815294,0
15708357,0.2582003881981938,0
15733597,0.08960193730260382,0
15789560,0.23770901468259706,1
15699524,0.3187179981240985,0
15626475,0.011857054755203204,0
15810839,0.05957118521052381,0
15684318,0.33589336236380074,0
15768120,0.0468104591362323,0
15712807,0.1914577366479168,1
15696371,0.0867510414179359,0
15675794,0.6913625462315794,1
15774277,0.02627346015830026,0
15603764,0.44690793976716126,1
15618647,0.06446776759612312,0
15614643,0.0450924907290356,0
15707696,0.024174852220609385,0
15749583,0.9158318338479811,1
15815125,0.08694696686142042,0
15779620,0.14290483360133802,0
15768233,0.49029238139385645,1
15637788,0.10183124858567158,0
15777046,0.1600190221923982,0
15788723,0.40871515511796985,1
15790489,0.11314432078450841,0
15739476,0.1454738281093995,0
15612670,0.11741293893942334,0
15631222,0.14373456211252883,0
15658972,0.19850785445371105,0
15724691,0.011422522529966193,0
15740442,0.7602187387062903,1
15760427,0.16733739573599904,0
15677939,0.04860394799986497,0
15611599,0.03573443504647732,0
15633474,0.2240238466185286,0
15671973,0.02950748612434107,0
15790019,0.09921463498337287,0
15737735,0.10160874198827327,1
15661745,0.12752044656579076,0
15797065,0.03932779994746707,0
15710671,0.1159126311785883,0
15656522,0.08025678901925064,0
15705085,0.02591875231454435,0
15744873,0.7784543776070387,1
15781914,0.032133030579483184,0
15637354,0.03675582763435002,0
15717307,0.017618512086389048,0
15746695,0.2098564724309091,0
15804962,0.305261966066307,1
15665378,0.1608391727353162,0
15757865,0.039042022337036235,0
15578787,0.8479623228380722,1
15794323,0.08367318437175626,0
15697546,0.03396316347812763,0
15629519,0.040724064753240516,0
15624703,0.07087981427740266,0
15570002,0.9950459984713678,1
15808566,0.05773366349501319,0
15805463,0.048706942826456594,0
15709136,0.02191588890557494,0
15801605,0.046166340517616124,0
15567855,0.02428043697156297,0
15675141,0.2178944507974246,0
15665759,0.08283377606469909,0
15761487,0.6259913721057151,1
15700394,0.06403831914005932,1
15631162,0.01781466165218299,0
15630641,0.09088651123475174,0
15585066,0.46068946053791426,1
15722991,0.7185431892765973,1
15737404,0.04099708787342428,0
15722409,0.18704792418369082,0
15806420,0.0192372057214126,0
15658148,0.02962638840500578,0
15810660,0.06572869951838188,0
15709780,0.058885269759556796,0
15727350,0.12448231458170751,0
15752312,0.1750634220111607,0
15616745,0.10208595156354892,0
15572294,0.15758866716582362,0
15674110,0.1767923266702809,0
15662501,0.4662750439036696,1
15649239,0.09893885700755783,0
15700424,0.16301557272197123,0
15636388,0.224843457418064,0
15713975,0.8530348416729112,1
15592925,0.912846432456557,1
15581626,0.3529685429343842,1
15641319,0.7333765451146177,1
15723481,0.024747860360700088,0
15787825,0.12196606922817813,0
15710726,0.11627163757925973,0
15627195,0.07163263794660389,0
15657957,0.39711424839507914,1
15676117,0.479589356116931,0
15607874,0.05606176519664153,0
15796993,0.5947972443100956,1
15649858,0.06933079330219831,0
15811032,0.4676397814585286,0
15679963,0.5019996702742607,0
15579131,0.013260057821362994,0
15572428,0.14002938152572542,0
15622461,0.46998902208939947,0
15636105,0.052559279329940915,0
15583849,0.23555364682122204,0
15718780,0.08302451860869704,0
15739271,0.15670611605239748,0
15697129,0.10414820607848095,0
15763415,0.2835742341700998,0
15796617,0.013141763210700506,0
15626628,0.07760881408781588,0
15765857,0.18031376305259403,0
15742511,0.11803652169009367,0
15786433,0.05101820863087885,0
15685805,0.032423923673991065,0
15627971,0.5443440514322148,0
15783025,0.09468950893762038,0
15726289,0.09773261777864775,0
15802118,0.08837598802008391,0
15607990,0.1816154637480822,0
15695932,0.0780849120172983,0
15812279,0.04854791878139326,0
15687558,0.24979132458890452,0
15729065,0.05110560584813889,0
15698902,0.5411886306469732,1
15570192,0.5483672288885402,0
15809265,0.20202546015885028,0
15745201,0.10322271788358875,0
15580623,0.017942395966112974,0
15578156,0.06400866979901886,0
15631063,0.02988734131530069,0
15692577,0.24075247182354076,0
15810910,0.03230730106743004,0
15723217,0.21414914465750887,0
15733111,0.053577923327099895,0
15610727,0.11458933292618395,0
15792720,0.12556968025802107,0
15723153,0.01907819511570099,0
15802823,0.03397447878074269,0
15756118,0.15966573587540006,0
15684934,0.012085378789626861,0
15776936,0.1462080643999544,1
15729087,0.2554992258450299,0
15786463,0.9306455151001737,1
15717498,0.05814319719705819,0
15718406,0.03507083426132248,0
15799468,0.10279176650835191,0
15626383,0.1781420535303209,0
15597385,0.029546302110180313,0
15570271,0.18319973543264093,0
15690330,0.31842141036986477,0
15680611,0.5860306277069988,0
15810227,0.01904049605073915,0
15807194,0.046049145108642935,0
15712199,0.194420904932496,0
15694995,0.011565500256867945,0
15723400,0.013249265302029443,0
15654772,0.20170176193323228,1
15574743,0.08641980841811762,0
15807593,0.1848459285061923,0
15686718,0.22882429980134286,0
15695299,0.49465202250102636,0
15722701,0.1251978298839469,0
15799635,0.633587761414546,1
15742323,0.03179806448612273,0
15658435,0.026507849724301362,0
15586029,0.04655356360045269,0
15772337,0.49594404072254933,1
15807555,0.12382880464508228,0
15603378,0.10106217608543659,0
15792862,0.5379440945788603,1
15657349,0.8992499874231248,1
15777614,0.0739471550146081,0
15653952,0.25816806895671507,0
15724336,0.6711490828692342,0
15689594,0.19098963569583347,0
15801920,0.06158919168876144,0
15653347,0.7129932659448557,1
15749951,0.3827772859026963,1
15648178,0.21568249162368733,0
15738662,0.3433315627392975,0
15640855,0.1593870475179215,0
15584288,0.019994344512641017,0
15760988,0.05829970013667508,0
15569624,0.10247350888190265,0
15597949,0.8787023126685629,1
15604551,0.03407970867893681,0
15617476,0.03737200123836912,0
15645323,0.43084883572576455,1
15793311,0.4073910563699586,1
15764153,0.04215295637393987,0
15802560,0.29578363210007425,0
15728608,0.04695095650397656,0
15770474,0.4333109532727376,1
15724444,0.068675138581742,0
15753110,0.6494818601902318,1
15711521,0.08626346973655902,0
15632816,0.7351769628295365,0
15693637,0.028013301992030133,0
15725509,0.05449412664589507,0
15684645,0.03266122425635323,0
15692235,0.04635750900323747,0
15777459,0.16097974331568374,1
15656937,0.07726516723499631,0
15610643,0.4528953581267726,0
15777315,0.14738742426072232,0
15611058,0.1978347220381223,1
15630413,0.036451248158681705,0
15635942,0.03275839305692863,1
15648858,0.07295644087251235,0
15810732,0.06564712208932531,0
15705448,0.6027502375847272,1
15730488,0.1472935538042072,0
15620443,0.01320272011877158,0
15741078,0.17084172922864901,0
15753161,0.19103502947817627,0
15711396,0.024132772624085565,0
15593499,0.7208395402326344,1
15579189,0.03954837083339749,0
15743545,0.031041186697829015,0
15791316,0.015402081753667042,0
15608246,0.23627001318168347,1
15676526,0.0994388721893555,0
15813911,0.28513585291441457,0
15630195,0.15744182062738885,0
15736250,0.08976136126276829,1
15671334,0.17822411916134964,0
15574169,0.22451542282372228,0
15718839,0.07473788890840663,0
15762331,0.16128661244118303,0
15606901,0.05079296585078902,0
15713559,0.06535068607610016,0
15768881,0.011337156910182817,0
15743075,0.015670726639147748,0
15660980,0.047730687952387975,0
15810942,0.5165901826870144,0
15728362,0.029672117754652397,0
15683339,0.16489674575139693,1
15685476,0.04835992354666823,0
15663650,0.9662831973096564,1
15617434,0.13343276262300868,0
15622470,0.049458264417206486,0
15703682,0.131129734140628,0
15727391,0.06941113269792137,0
15711062,0.05056490537346929,0
15567339,0.02902103696729007,0
15760662,0.11533529667008478,0
15605737,0.022466805180722194,0
15692977,0.12912142906054158,0
15672082,0.594377075026708,0
15600280,0.02468832554354295,0
15804052,0.013257794979303841,0
15576065,0.2963430935013458,1
15796838,0.18794561017053757,0
15693526,0.4292922812333753,0
15748595,0.038944840934084755,0
15679029,0.0731451991415137,0
15753639,0.05002385087243183,0
15604138,0.1781449514206976,1
15666095,0.19808047430630205,1
15643487,0.30467449183061873,1
15764033,0.7028798633427913,1
15747288,0.24225293000956705,1
15790599,0.09112505481272352,0
15737705,0.10032328003640771,0
15737194,0.025314995524991814,0
15726776,0.07343657173885884,0
15804357,0.2128354318540424,0
15664432,0.7141216970987025,1
15688984,0.11693722665736266,0
15583026,0.15529849506855115,0
15771668,0.9158140944789499,1
15779904,0.027242948563539926,0
15784323,0.03641883554102385,0
15756277,0.13360985472011006,0
15663312,0.08135565184549992,0
15793197,0.10347142359121334,0
15731463,0.40236783826948774,0
15621768,0.5669631231933727,0
15691323,0.07500430119993486,0
15781326,0.09653834595798101,0
15595640,0.022422879561668562,0
15814331,0.30710164753166236,0
15602030,0.052728625422145965,0
15747974,0.24810359262009413,0
15611315,0.13605430400732904,0
15636977,0.9418461199199724,1
15690337,0.04059250814665145,0
15680666,0.09636182345403349,0
15679551,0.43836824527434537,1
15778915,0.05973512296310825,0
15568849,0.08338852504695991,0
15747762,0.06789147734234381,0
15753679,0.012832974376270703,0
15750049,0.13338329722006229,0
15606097,0.3328230557083861,1
15802368,0.5147847765472113,0
15767488,0.021689525344849102,0
15669946,0.5272644812171494,0
15612103,0.26375994752970794,1
15645353,0.11382628141898263,0
15650018,0.356656720349139,0
15659002,0.19872363068558377,0
15616028,0.2360238716323339,0
15660475,0.5367802874889349,0
15652615,0.07860230671735675,0
15653572,0.14835700309627514,1
15628059,0.10022758279375453,0
15703413,0.20794673417397683,0
15610433,0.02180430397636808,0
15770548,0.24361125039311696,0
15645637,0.3978219862122345,0
15590888,0.05821831934021619,0
15568326,0.10532951056383748,0
15655368,0.660189023002585,0
15665579,0.09393124577261568,0
15676091,0.24171040363848398,0
15716984,0.6160994598134786,0
15715078,0.027797311998383173,0
15569452,0.3127637637360903,0
15628863,0.07610291412571168,0
15778192,0.016696556801010856,0
15793723,0.07585454234533051,0
15798943,0.1717255362672276,0
15764708,0.08345121062151656,0
15791040,0.12654554934250145,0
15631512,0.09040599100023622,0
15640106,0.13361219122669474,0
15710315,0.22385609808082757,1
15771535,0.032006517466797745,0
15611947,0.0900055323762467,0
15670266,0.07867499150036929,0
15609083,0.19432873665111966,1
15567923,0.2082866678953164,0
15788183,0.34449360849465044,0
15735782,0.10863074526677904,0
15774401,0.2569293400670842,1
15737971,0.02728500852794051,0
15758750,0.03799335616606848,0
15611767,0.9214470619911146,1
15643770,0.7296504216626342,1
15744717,0.05248180399589455,0
15570681,0.05449483219439004,0
15792650,0.9476905545977855,1
15605531,0.05388977467115541,0
15605339,0.022225352810984138,0
15672216,0.23966465212078478,0
15812893,0.0422521502181885,1
15624180,0.9836262897119836,1
15701364,0.011726927866641383,0
15762588,0.014219651976115017,0
15806318,0.8410293025769783,1
15712596,0.1481697787968145,0
15600399,0.9251838095188005,1
15576216,0.3531542411406275,1
15620750,0.06452989826649776,0
15623489,0.12408084179705516,0
15667944,0.07485240583359279,0
15584928,0.0874798632973615,0
15779913,0.04924203590450119,0
15644977,0.026784529133080895,0
15749679,0.08903720049293334,0
15629010,0.2628773356162481,0
15768465,0.07937345206487534,0
15767781,0.0937260199015639,0
15635364,0.9441614416368317,1
15722004,0.11434476908228394,0
15766044,0.7959513049901661,1
15586680,0.1362171353433651,0
15635388,0.3991800152794755,0
15655175,0.16265764178992495,1
15639133,0.2760752017842166,0
15799653,0.05857992878261968,0
15723872,0.14145704925377975,0
15775627,0.018056757365159038,0
15630704,0.0829682732447876,0
15815534,0.06059703234517208,0
15697249,0.2632823415591228,0
15681316,0.09948708178287705,0
15682523,0.02749135065749183,0
15650244,0.03988656912110826,0
15648638,0.026526180722873372,0
15795747,0.1362090296043421,0
15607330,0.0940457731489679,0
15624013,0.19449128839200536,0
15800805,0.07272092779617428,0
15667321,0.06403631213466214,0
15601116,0.016889858728623374,0
15622033,0.9773025189542609,1
15758451,0.3275269962474401,0
15688689,0.08816421849579532,0
15652674,0.0380701538505296,0
15806327,0.09679487731745502,0
15649618,0.07404121434124075,0
15677117,0.08468878329812926,0
15751445,0.20200922691277573,0
15749669,0.02169166075976071,0
15656351,0.0652372329382466,0
15667438,0.18604891593083384,1
15682273,0.16971272633814818,0
15580912,0.030726738836952008,0
15785183,0.016641389792945955,0
15705383,0.05634693627744849,0
15712903,0.17149930812575753,0
15774285,0.2648561965376507,0
15583138,0.060924453234259546,0
15740160,0.013690184654197381,0
15793425,0.21747471000706,0
15749265,0.20067106150036762,0
15623989,0.8933698497551325,1
15604832,0.10352115613647554,0
15584580,0.10072549350855521,0
15573854,0.0639953620994446,0
15614847,0.3377700577768066,0
15679966,0.08108944873461484,0
15799435,0.11858679299103596,0
15752186,0.022316375701880112,0
15705544,0.17695343120258064,0
15713632,0.5762238849326851,0
15586523,0.1500770208810619,1
15609176,0.026590949374126087,0
15769308,0.05300099239683561,0
15676810,0.047993065755680006,0
15634591,0.07686935803078261,0
15679804,0.04130657846058238,0
15677764,0.0371839959818224,0
15571917,0.16800407404566847,0
15574608,0.051887436708803414,0
15740868,0.6176388829402477,0
15702442,0.2919975074158903,0
15699797,0.15573753958636374,0
15648047,0.05276034347672236,0
15766826,0.24194027402705434,1
15591628,0.28901662322297567,0
15583857,0.2088493373100848,0
15752534,0.01807930835114277,0
15741403,0.2396126075262735,0
15783589,0.031212627508687717,0
15598046,0.08372732922923481,0
15643330,0.020037042040047543,0
15680405,0.029661985419664156,0
15728683,0.021938778914473364,0
15621644,0.07207723466203698,0
15733032,0.06624652599947414,0
15608381,0.8084666293783349,1
15658946,0.055662863727655526,0
15757912,0.3748396591414491,0
15645371,0.5532539922565188,1
15653110,0.16522185859139701,0
15766355,0.9431380669579883,1
15585249,0.2992057731098576,1
15611786,0.1964671669888151,0
15575486,0.020645503809658315,0
15780215,0.014988131716110983,0
15686099,0.8760057260577053,1
15739042,0.030042323543009484,0
15815316,0.9611296041967108,1
15778489,0.028981542526533198,0
15786389,0.04061272805894855,0
15601787,0.3549239787292262,1
15624715,0.2962546850420635,0
15763093,0.09707955895739137,0
15572073,0.016769949619755073,0
15780256,0.013645723454634471,0
15659305,0.06487598669831562,0
15638882,0.9480635928433615,1
15714680,0.03511650572475108,0
15777217,0.016730402195973052,0
15739123,0.4740923758680687,0
15594450,0.44567142140342475,0
15797751,0.7345697342712116,1
15691543,0.4426957883533146,0
15722845,0.0675346569488313,0
15605804,0.11577828491196619,0
15702061,0.012677452658174784,0
15694321,0.025183080493942193,0
15798749,0.1420156730441043,0
15720050,0.12553383954250982,0
15758048,0.22178013206691605,0
15805681,0.1667311585424144,0
15802809,0.11103053901229513,0
15807239,0.17015738904437547,0
15749093,0.08186183268142788,0
15689344,0.5244354500367867,0
15606076,0.3757370429240986,0
15610090,0.066554519349455,0
15693926,0.06514224022357702,0
15791501,0.033862004379648404,0
15621870,0.45628991713610284,0
15734711,0.949168114272756,1
15814405,0.5475180755864099,1
15729359,0.01685247963892275,0
15606944,0.6610817007648391,1
15671934,0.32755065347726414,0
15641773,0.11414673158357162,0
15701972,0.05239949417076759,0
15749114,0.020638486737965707,0
15780362,0.34554044634090636,0
15753229,0.05218639053401022,0
15656009,0.25730880085984503,0
15785024,0.2835291637061175,1
15670492,0.01853250569954468,0
15795458,0.20889805022437327,0
15732438,0.9203198852785787,1
15781987,0.05626351215873271,0
15775826,0.03859142970760167,0
15807457,0.036197102391191824,0
15632538,0.08179564421693125,0
15641389,0.47845200827723217,1
15657306,0.7804055271075468,1
15709447,0.08524842726503963,0
15762682,0.09494542856968992,0
15626042,0.022425090398026995,0
15597109,0.06927607954936808,0
15756148,0.18513872705710321,0
15665634,0.16540194584357829,0
15739997,0.02705416914942891,0
15686242,0.9441299892004547,1
15759244,0.1305838361619562,0
15672027,0.08484887832116111,0
15594576,0.07188120475715581,0
15707138,0.018622402533101986,0
15756954,0.17000342411895938,0
15619130,0.14712075457939733,0
15639665,0.08139812286397062,0
15571065,0.059975949694614165,0
15686060,0.7218242656055618,1
15615753,0.1933189045545366,0
15800961,0.1272735593785794,0
15763065,0.05034958657857209,0
15672467,0.25197200544572734,0
15752915,0.033552076960103684,0
15744695,0.09088869212670417,0
15584897,0.0946818782609624,0
15601857,0.7485188244096513,1
15674156,0.12601863185551282,0
15695465,0.30649270647037,0
15792232,0.0835725414919012,0
15807900,0.11983980184135853,1
15743760,0.027806419027224645,0
15652835,0.12396975017655266,0
15767818,0.42541958148967685,0
15591150,0.019778875042504543,0
15734659,0.44491676325162066,0
15796115,0.9273419076994454,1
15724648,0.07216692759218653,0
15737732,0.14711147405732114,0
15632280,0.8892751542599814,1
15750407,0.3166889713635755,0
15795370,0.29751469459086116,0
15656829,0.027591599691463235,0
15643794,0.12503168456046287,0
15798605,0.046006536563557514,0
15637324,0.01981103293881649,0
15589589,0.09128541147774714,0
15778936,0.10528426650222808,0
15757385,0.15900865222822766,0
15666200,0.04454200087229559,0
15683977,0.014975290991876323,0
15675518,0.5979990358678006,1
15584812,0.048574150708883886,0
15752984,0.088193616240601,0
15577913,0.05298577026768934,0
15591980,0.02798881234497734,0
15598948,0.17985508866531272,0
15574142,0.052155173705018994,0
15582903,0.018427474678509723,0
15733229,0.025721237799604852,0
15635752,0.09149659124589615,0
15771000,0.3659110552572571,0
15804864,0.0652095255083395,0
15641175,0.9881503782793403,1
15692226,0.06748843442354767,0
15584156,0.47540948371377506,1
15702656,0.0740157876856289,0
15606552,0.050081742097555046,0
15687001,0.6373144458433465,1
15781903,0.11960854730323035,0
15731951,0.14274858607493593,1
15580953,0.06175882134697717,0
15810390,0.044466604669230914,1
15628274,0.060369760465453365,0
15615444,0.04924717644267375,0
15784010,0.21084018662685777,0
15571586,0.09576671074136035,1
15748616,0.016275628793519206,0
15769402,0.048601515558621466,0
15739248,0.11006723865958044,0
15603481,0.11046299945933029,0
15723604,0.11405821543032474,0
15797822,0.04431256401084611,0
15665064,0.0466546935333114,0
15640580,0.8032064595151254,0
15581089,0.016975310982858403,0
15728605,0.02303092711343261,0
15737385,0.17182164985033635,0
15714789,0.08581799609840998,0
15786035,0.0286099532911925,0
15815259,0.086454747852172,0
15592716,0.8314640172968303,1
15734850,0.10915815341684636,0
15638047,0.432765960665621,0
15674573,0.05994895533211895,0
15694859,0.07768579321538802,0
15776404,0.05688219853167173,0
15579345,0.07506850039822621,0
15690733,0.09638251801773985,1
15631481,0.08546702622152862,0
15620988,0.10259060588750153,0
15571529,0.7824300700735528,0
15592104,0.33656091014753775,1
15651900,0.876149522754066,1
15596212,0.021813305660955695,0
15710687,0.08653878810410504,0
15613787,0.09905555142482,0
15599211,0.032295419884174295,1
15675983,0.14310865840478654,0
15622370,0.07108040630960583,0
15656319,0.09591767778742877,0
15605130,0.08961196803151414,0
15672574,0.09274831112100923,0
15659355,0.027718140794070294,0
15777907,0.21068057437519308,1
15655171,0.04681118484238921,0
15619674,0.10487375788111984,0
15775192,0.8555327802826201,1
15617657,0.08132033973930008,0
15688951,0.1789717456814532,1
15763460,0.16961737385312092,0
15756992,0.022764988405892833,0
15617454,0.014545207741483114,0
15701932,0.290585889914395,0
15700813,0.06681871114406811,0
15645600,0.06603692845629859,0
15634146,0.08062123933263254,0
15686743,0.02441060568463611,0
15698792,0.2918073318510178,0
15591724,0.35626347772579553,0
15571281,0.039821758187121685,0
15661380,0.015063876448196699,0
15728885,0.14416874405277053,0
15618950,0.0281101909380833,0
15609804,0.012664184112842796,0
15735849,0.04080055422362708,0
15652948,0.09243304726272365,0
15618155,0.16797758756136796,0
15566378,0.2891046024722917,1
15565879,0.01743944436689747,0
15792922,0.04599430734642277,0
15770567,0.06938632244111524,0
15738042,0.07789211553063383,0
15714920,0.17561989974071882,0
15782121,0.027153716107962515,0
15673180,0.100203651309667,0
15660636,0.04717889795837384,0
15664504,0.01888530444879033,0
15790322,0.0857131374244192,0
15739847,0.2780491279956273,0
15699415,0.4846791672426598,1
15665521,0.0531450712428925,0
15682868,0.11342141618862124,1
15584462,0.1654951675976429,0
15661708,0.03701773533956973,0
15584452,0.028694510910021828,0
15717010,0.35221267025426845,0
15643828,0.01412942674067949,0
15733361,0.5521522439696042,1
15795488,0.290285085391154,0
15581551,0.08286868227042725,0
15632051,0.6673927310784983,1
15780409,0.02977687907070054,0
15572767,0.016978630282101406,0
15590337,0.05480234545040126,1
15634551,0.9760622117036782,1
15669290,0.1379780249639048,0
15621140,0.01813235095955358,0
15613518,0.10165726963290773,0
15728043,0.1445847643597811,0
15570073,0.4366356528210743,0
15777033,0.015398050317312275,0
15682454,0.01715192023983406,0
15758513,0.06313436333201106,0
15772604,0.04532127349929121,0
15721715,0.14674052042130353,0
15688563,0.08145094773539714,0
15772009,0.3103328616761793,0
15809585,0.023904839844363066,0
15593778,0.48577891873539514,1
15655360,0.8384563236153708,1
15780909,0.292596026741667,1
15757310,0.18181472764147705,0
15801411,0.5898493209142248,1
15761706,0.11283744988969505,0
15658409,0.8461177010250625,1
15810010,0.11426598896186811,0
15627027,0.020297840430811932,0
15624374,0.013361267406929228,0
15720083,0.0429296370991377,0
15752294,0.9730185168791602,1
15743193,0.05006086186404781,1
15696733,0.15239593927458248,0
15677522,0.015642692267651487,0
15643523,0.026649133459204378,0
15624936,0.053482419238055925,0
15716085,0.6730416033689303,1
15641688,0.12481836903508917,1
15796834,0.06658191069625014,0
15720123,0.02505183636563444,0
15604732,0.028206949022415804,0
15723484,0.570760892710221,0
15807120,0.8941183191234162,1
15810891,0.033542773721369754,0
15640407,0.21484341380697777,0
15778838,0.11073865083491538,0
15709256,0.014054046599761616,0
15742285,0.1767367850424141,0
15729019,0.07086566718960975,0
15608588,0.37303876070431813,1
15610557,0.05957870485927824,0
15786418,0.1372384565479795,0
15653050,0.2026494644043804,0
15744914,0.3088769383955008,0
15669611,0.07454643061751821,0
15594786,0.14749022571235526,0
15649211,0.17081200131861243,0
15766066,0.2071900396399452,0
15772216,0.15973148841624482,0
15619898,0.07890222196100945,0
15724543,0.04560427686735888,0
15755084,0.12225038227378272,0
15730441,0.011987509363141725,0
15666767,0.11381916519727217,0
15690456,0.10518714136042648,0
15570533,0.6227281947486156,1
15797692,0.12335648604770466,0
15603135,0.9581424175028261,1
15698927,0.016776385319807526,0
15687363,0.04211516683723355,0
15733444,0.033585839287621995,0
15678057,0.12367667112708099,0
15806918,0.08752934002851465,0
15638247,0.05422721331822105,0
15674833,0.03567584030067747,0
15812534,0.5183641159387383,0
15586522,0.12109216993762689,0
15794297,0.0219454980365068,0
15737025,0.5749674219974621,1
15615931,0.039823125343776355,0
15664860,0.26124090114788395,1
15664539,0.118721906706202,0
15583692,0.12813055718830524,0
15693131,0.0685457647876329,0
15779973,0.12525380307363398,0
15620557,0.0626425169628748,0
15639549,0.12243693618921996,0
15618750,0.09204260245906311,0
15796790,0.5292989541027375,0
15668309,0.6129458836596223,1
15732437,0.25514842093780693,1
15665158,0.026171120602873434,0
15689322,0.11148943603501678,0
15596624,0.015702743390019567,0
15601977,0.16544295195959016,0
15801462,0.029246483728237568,0
15566139,0.2203988026785101,0
15791006,0.15564644544496883,0
15668057,0.09453778682783201,0
15580805,0.01531466372766429,0
15658768,0.7681221739724652,1
15613048,0.35942644858497264,1
15803654,0.08557681689896832,0
15662337,0.497284970040281,1
15650924,0.047677585049404045,0
15647203,0.5271358783629805,0
15682778,0.011635326925024446,0
15579820,0.10289058718169518,0
15709354,0.04306398447673354,0
15728480,0.03369098337007777,0
15641091,0.10495670145648021,0
15603111,0.739640375121155,1
15679693,0.027701110866236642,0
15797190,0.5386311351626477,0
15788025,0.35302421079204876,0
15646168,0.015805237839394,0
15580493,0.04563110307973575,0
15726720,0.480918019193646,1
15735799,0.5225906725751268,0
15773098,0.015805237839394,0
15668971,0.10062724668424208,0
15603221,0.06010976911360192,0
15740043,0.05926601172718796,0
15712264,0.04109072217284273,0
15751926,0.05584398376121936,0
15589401,0.02375551395810436,0
15742019,0.03734851086067574,0
15660611,0.020297840430811932,0
15607634,0.09367762240599269,0
15595036,0.15475159270903255,0
15745794,0.015536563304656031,0
15781689,0.023080697936596867,0
15696054,0.15402808792426784,0
15752467,0.013038062170288876,0
15597739,0.19081698441863665,0
15651336,0.031129523719802966,0
15636061,0.007627664880345812,0
15723013,0.022176628761480174,0
15784148,0.47559817894420164,0
15578098,0.014122602613809591,0
15638621,0.1395118529677335,0
15720924,0.11676783524825897,0
15566531,0.14363691855980815,1
15718064,0.01800392112373626,0
15605067,0.01516164333607658,0
15655335,0.023303077002785385,0
15607301,0.1657199733610942,0
15694628,0.11282334087363374,0
15607112,0.013260846438119431,0
15635775,0.11433225698432349,0
15644280,0.3376936896772556,0
15708362,0.06325440066908784,0
15771997,0.10367666536836531,0
15730579,0.04817822877610527,0
15728005,0.7591772424534637,0
15791674,0.030438113944584302,1
15754599,0.04532399605630149,0
15693690,0.4889636295655654,0
15728963,0.790599896039851,1
15659710,0.023759845775905102,0
15658675,0.19751241967337696,0
15638788,0.10414768559531626,0
15609735,0.6283045961604969,1
15771477,0.4900803137333871,0
15570145,0.02883617235200394,0
15797149,0.0558543360395077,0
15636912,0.10745134142809923,0
15687828,0.13070778716583165,0
15667424,0.1842079364752011,0
15759872,0.019499363555638877,0
15572374,0.01804205822698951,0
15754926,0.024912681902340292,0
15687431,0.1123453660691271,0
15604515,0.12095408934209871,0
15682839,0.23112888367017528,0
15624677,0.18636000295349422,0
15646366,0.4308375793049753,0
15701768,0.021915793558532324,0
15623566,0.1610720776674548,0
15681274,0.3228110980207532,0
15762573,0.026466083153731616,0
15706458,0.8742166354194735,1
15654222,0.054822101810792286,0
15704053,0.7111556231331859,1
15724321,0.8855217272726428,1
15621815,0.38670597271536705,0
15724876,0.12828586401252634,0
15696588,0.02468174701111563,0
15612832,0.08280335522509603,0
15804295,0.05494059241424344,0
15712536,0.03372611581777331,1
15662494,0.12340192549799386,0
15807728,0.6160255741464995,1
15764916,0.51848989198224,1
15615330,0.012027993452039329,0
15638487,0.23176774285337795,0
15627859,0.19655918876230727,0
15622192,0.020699767147285702,0
15789413,0.029216320959787507,0
15583221,0.037271985585720355,0
15768495,0.04329848828323655,1
15644103,0.020321531146730465,0
15741197,0.36486221753160714,0
15664547,0.20693813812762385,1
15797293,0.029826868583667333,0
15572021,0.041806932044235044,0
15637461,0.02039281574589326,0
15620577,0.04835026776511047,0
15609643,0.06663683329204073,0
15785358,0.4320122594806687,1
15603883,0.016391643448159875,0
15782550,0.3858212272203549,0
15775761,0.9497498293614836,1
15680201,0.08220943667968739,1
15767594,0.03779891424917787,0
15591985,0.32741808034822334,1
15789339,0.16488354841661912,0
15781530,0.012278111545739531,0
15705174,0.09490974750880547,0
15572114,0.10646670090395373,0
15804009,0.023448639633426627,0
15662698,0.2623211137095568,1
15696047,0.0647276796608518,0
15701160,0.4699570485044499,0
15790093,0.028374863870734738,0
15632143,0.08466287031871864,0
15736778,0.21257450240445802,0
15734917,0.06759843947834317,0
15643903,0.05231333537053884,0
15569526,0.04952808404766273,0
15777067,0.10898490102435388,0
15795511,0.33229477160048954,0
15610419,0.07014167546893553,0
15644994,0.2957481002072933,1
15703707,0.2439179941749113,0
15659327,0.5258838858409994,1
15771323,0.08111850139173576,0
15750549,0.02275102559094906,0
15698462,0.018655594245747843,0
15739692,0.029906228186044066,0
15744041,0.106402472304709,0
15700714,0.012833352267314148,0
15777743,0.11385530940603164,0
15623143,0.15986027832828695,0
15712568,0.1803708030677541,0
15617432,0.35889608461939015,0
15650424,0.3868277261498605,1
15728829,0.06847027451423172,0
15680430,0.4984623288243958,0
15687626,0.32517601118197026,1
15609187,0.049623522756621616,0
15609521,0.03907666392752781,0
15752626,0.0707654661273478,0
15571756,0.19795396397387266,0
15814040,0.1022024902972891,0
15658211,0.03779648126827788,0
15742091,0.5035658142969007,1
15787168,0.06322506047560977,0
15772363,0.5372080919262813,0
15659364,0.10314268474399646,0
15738980,0.05989785063286777,0
15794236,0.06459387614390609,0
15721383,0.027416930043977595,0
15652981,0.17415238410498832,0
15722731,0.3595707328987953,1
15640507,0.8868238175610504,1
15578878,0.08823214811839017,0
15744295,0.18298803956727522,0
15776558,0.03661874943435655,0
15596136,0.07261904115207587,0
15704597,0.08312120178763448,0
15648272,0.0628808701871461,0
15594915,0.023945647692579335,0
15581115,0.18677634680983868,0
15763907,0.3066263699386041,1
15705994,0.14603440283750865,0
15772421,0.1773373794976543,0
15711572,0.11265557970132832,0
15691170,0.0706213001886473,0
15600106,0.022126202155194615,0
15745431,0.01965030463944314,0
15649508,0.1229947167100933,0
15812611,0.019878602815440318,0
15619699,0.27743035873999955,0
15813946,0.8738574352922422,1
15762762,0.7888313513711224,0
15629793,0.03652636949123979,0
15781298,0.2443760959757581,0
15622658,0.09648346817163675,0
15658980,0.20022699514595313,0
15701936,0.3011877779555644,1
15686917,0.050919194041067505,0
15807312,0.017061924017819325,0
15574523,0.025444348687126316,0
15724200,0.0807010874915915,0
15738224,0.07675107173122538,0
15593283,0.29224971404265965,1
15814690,0.3795387200356975,1
15807245,0.1609894131877289,0
15799358,0.48059626183682025,1
15616172,0.01747468638790256,0
15777958,0.017614569893191066,0
15809124,0.07341263398888341,0
15616367,0.4332762845287991,1
15687385,0.18104877038479783,0
15607877,0.01433978647029738,0
15736327,0.21194519438327808,0
15746704,0.0340809230201613,0
15778304,0.0903116708421551,0
15588456,0.17085963213683786,0
15664035,0.03656874009900048,0
15596405,0.027015004017287403,0
15815097,0.028486743259248763,0
15762708,0.1280721216381535,0
15776211,0.017432911596164707,0
15626012,0.0678281558795029,0
15792077,0.0802445487430704,0
15718765,0.37753267693358256,1
15576615,0.09241958580400614,0
15752650,0.10759607536716315,0
15797502,0.04110493686213838,0
15687329,0.18652363359172727,1
15779423,0.04024565514985446,0
15619514,0.4807381277964434,1
15615430,0.5911801471897665,1
15716431,0.09295682017561524,0
15798341,0.14444636307292535,0
15651958,0.012677460305295062,0
15726179,0.23944838351300848,1
15652999,0.11612777260180585,0
15691950,0.1587508047755347,0
15632446,0.02742735476892571,0
15620936,0.01691275172061772,0
15587640,0.3731479431475293,0
15782231,0.030566064504437655,0
15580462,0.1339179726335091,0
15736371,0.0362789054574545,0
15648032,0.023083114840763117,0
15610454,0.117339993839837,0
15671358,0.05454254975236104,0
15747130,0.027788541377503174,0
15578374,0.09749156252215489,0
15572182,0.9236916949021803,1
15770041,0.2711305085517168,0
15669414,0.8310047711914381,1
15777054,0.4341199483638851,0
15621021,0.05461073450085976,0
15785490,0.3065313902883061,1
15577695,0.18471160916234508,0
15686974,0.5650174956021157,1
15574584,0.0416693469917998,0
15719541,0.04215338594335461,0
15646310,0.05065777600127352,0
15697606,0.1416609098778174,0
15711489,0.1636540608744666,0
15670427,0.11217330392721567,0
15731755,0.15621192190146632,0
15796370,0.1069974944520728,0
15598331,0.24501742428174497,0
15704795,0.036486301570694775,0
15796764,0.9627744066277866,1
15589420,0.13737345469200948,0
15810563,0.08479689687798249,0
15746569,0.20743566357713988,1
15811594,0.06047422423849807,0
15645896,0.14262322711767633,0
15802909,0.561122274154246,0
15797665,0.03075830563997072,0
15778959,0.03752093733637093,0
15722532,0.10307482421919122,0
15784124,0.37644544623960713,1
15776518,0.1052995434647041,0
15611247,0.03252076609785784,0
15721469,0.16221663631979033,0
15773338,0.19053425218836176,0
15784042,0.23124952532207368,1
15776229,0.3050531693070557,0
15655903,0.07053123212614897,0
15590177,0.2236782906086689,0
15568876,0.03905436734528398,0
15813140,0.026546770897810868,0
15770516,0.16525263522671532,0
15755731,0.6532098816681408,1
15574480,0.059152872241623994,0
15798084,0.017236495066349937,0
15673020,0.923636164785298,1
15643575,0.18120189999168668,0
15596811,0.08783334791909733,0
15786789,0.0239690783887241,0
15578865,0.699975574435307,1
15605672,0.13102887058525045,0
15603674,0.013464208468673076,0
15759915,0.16902249221502896,0
15686219,0.05594371322189983,0
15696388,0.2776471501229259,0
15713604,0.06263826071097485,0
15647800,0.0825956610998783,0
15813451,0.024811955638246456,0
15765375,0.7217854978818262,0
15774586,0.6062295224745293,1
15603454,0.04329083737395893,0
15653037,0.0558250089480567,0
15782475,0.03040661063533934,0
15593496,0.15805985768765227,0
15808971,0.10070927291305685,0
15791972,0.017395448021911345,0
15676869,0.017554835080336863,0
15683007,0.2736680739373846,0
15659495,0.07089907692909267,0
15703923,0.049521018640349856,0
15674000,0.03480838428999098,0
15618171,0.01701515108188687,0
15732202,0.05204750568285584,1
15735078,0.4314874131940571,0
15798615,0.4722184858089126,0
15638494,0.3930690013714865,0
15763874,0.05233947832979243,0
15696355,0.3239326634477375,0
15655952,0.07948070008412086,0
15739850,0.18844494261382932,0
15611338,0.012099556636721987,0
15707861,0.654467655970033,1
15672237,0.09983201722490596,0
15657771,0.1505844560695588,0
15677783,0.12084531096439048,0
15681026,0.353868378376273,1
15566543,0.06393012984452494,0
15594612,0.4651473914854136,1
15814664,0.2470353480070637,0
15642785,0.037543360168127884,0
15690164,0.1698854672479086,0
15590213,0.07440727575347496,0
15603794,0.244591469681149,0
15733491,0.11855324863564995,0
15806360,0.20495202697908338,0
15587133,0.0724797074914457,0
15721377,0.10519863709923008,0
15747927,0.09203076320250804,0
15806455,0.013631958617432808,0
15695474,0.0854123305486746,0
15666295,0.5590566286989854,1
15656062,0.08221781653954437,0
15579969,0.01901941862441101,0
15703563,0.0860779247187199,0
15692664,0.3381672938813258,0
15719276,0.11275571744260245,0
15672754,0.27903337352822355,1
15768163,0.7417925326187519,1
15656710,0.2897671845964364,0
15696175,0.05516436869389565,0
15586914,0.04295065052127439,0
15581736,0.16862346019277497,0
15588839,0.07560954293304885,0
15589329,0.019052090057870286,0
15605622,0.015094318204645381,0
15798964,0.15286885196198102,0
15769959,0.7543473070056239,1
15657105,0.22145520522647202,0
15569266,0.09068428263710933,0
15719294,0.02325443931447718,0
15606229,0.028413827479559936,0
15569892,0.07348583494156959,0
15584532,0.1672863838520498,1
15682355,0.056217195687463514,1
15628319,0.13904037274776904,0
